date	IIND1000_10107	IIND1000_16998	IIND1000_16999	IIND1000_17000	IIND1001_11362	IIND1001_12401	IIND1001_12403	IIND1001_12407	IIND1001_12408	IIND1001_12410	IIND1001_12411	IIND1001_12412	IIND1001_12413	IIND1001_12414	IIND1001_12415	IIND1001_12416	IIND1001_12417	IIND1001_13719	IIND1001_27505	IIND1001_27506	IIND1001_27507	IIND1001_27508	IIND1003_22984	IIND2070_10221	IIND2071_10222	IIND2103_10725	IIND2103_10727	IIND2103_10728	IIND2103_11096	IIND2103C_12336	IIND2103C_12418	IIND2103C_12419	IIND2103C_12420	IIND2103C_12421	IIND2103C_12422	IIND2103C_12423	IIND2103C_12426	IIND2104_10761	IIND2104_10764	IIND2104_10797	IIND2104_11159	IIND2104_26021	IIND2104C_12337	IIND2104C_12427	IIND2104C_12428	IIND2104C_12429	IIND2104C_12430	IIND2104C_12431	IIND2104C_12432	IIND2104C_12433	IIND2104C_12465	IIND2104C_12466	IIND2104C_12467	IIND2104C_12469	IIND2106_10703	IIND2106_10767	IIND2106_10771	IIND2106_10774	IIND2106_10777	IIND2106_10781	IIND2106_10783	IIND2106_10798	IIND2106_10895	IIND2106_20382	IIND2106C_12338	IIND2106C_12434	IIND2106C_12435	IIND2106C_12436	IIND2106C_12437	IIND2106C_12438	IIND2106C_12439	IIND2106C_12440	IIND2106C_12441	IIND2106C_12442	IIND2106C_12443	IIND2106C_12444	IIND2106C_12470	IIND2106C_12471	IIND2106C_12472	IIND2106C_12473	IIND2106C_12474	IIND2106C_12475	IIND2106C_20384	IIND2107_10874	IIND2107_10875	IIND2107_11023	IIND2107_27796	IIND2107C_12339	IIND2107C_12476	IIND2107C_12477	IIND2107C_12478	IIND2107C_12479	IIND2107C_12480	IIND2107C_12481	IIND2107C_12482	IIND2109_12256	IIND2109_12494	IIND2109_14145	IIND2109_17051	IIND2109_20388	IIND2109_23562	IIND2109_28549	IIND2109C_13643	IIND2109C_13644	IIND2109C_13745	IIND2109C_14146	IIND2109C_15134	IIND2109C_15135	IIND2109C_15149	IIND2109C_15150	IIND2109C_17052	IIND2109C_17053	IIND2109C_20392	IIND2109C_20393	IIND2109C_28550	IIND2109C_28551	IIND2201_10740	IIND2201_10742	IIND2201_10876	IIND2201C_12340	IIND2201C_12489	IIND2201C_12490	IIND2201C_12491	IIND2201C_12492	IIND2201C_12493	IIND2202_10499	IIND2202_10500	IIND2202_11051	IIND2202_12495	IIND2202C_12341	IIND2202C_12626	IIND2202C_12628	IIND2202C_12630	IIND2202C_12633	IIND2202C_12635	IIND2202C_12636	IIND2202C_12641	IIND2301_10756	IIND2301_10757	IIND2301_10799	IIND2301C_12342	IIND2301C_12645	IIND2301C_12646	IIND2301C_12647	IIND2301C_12648	IIND2301C_12649	IIND2302_10765	IIND2302_11258	IIND2302_16625	IIND2302C_12294	IIND2302C_12501	IIND2302C_12502	IIND2302C_12503	IIND2302C_12504	IIND2302C_12505	IIND2302C_12506	IIND2302C_12507	IIND2302C_12508	IIND2302C_18545	IIND2302C_18546	IIND2302C_18547	IIND2400_10116	IIND2400_10151	IIND2400_10360	IIND2400_10546	IIND2400_12752	IIND2401_10152	IIND2401_10153	IIND2401_10154	IIND2401_10155	IIND2401_10156	IIND2401_10361	IIND2401_10568	IIND2401_10670	IIND2401_10758	IIND2401_10759	IIND2401C_13289	IIND2401C_13290	IIND2401C_13291	IIND2401C_13292	IIND2401C_13293	IIND2401C_13294	IIND2401C_13295	IIND2401C_13296	IIND2401C_13297	IIND2401C_13298	IIND3000_10119	IIND3000_15056	IIND3001_10120	IIND3001_10121	IIND3001_10455	IIND3001_13047	IIND3001_16619	IIND3001_16620	IIND3006_10586	IIND3008_27469	IIND3107_13432	IIND3113_11174	IIND3113_11224	IIND3113_11225	IIND3113C_12343	IIND3113C_12672	IIND3113C_12674	IIND3113C_12675	IIND3113C_12676	IIND3113C_13175	IIND3202_10459	IIND3209_26882	IIND3218_10877	IIND3218C_12295	IIND3218C_12671	IIND3221_11175	IIND3221_11227	IIND3221_11228	IIND3221C_12344	IIND3221C_12677	IIND3221C_12678	IIND3221C_12679	IIND3221C_12680	IIND3221C_12681	IIND3222_25573	IIND3301_10168	IIND3304_26883	IIND3311_11176	IIND3311_11680	IIND3311C_12296	IIND3311C_12496	IIND3311C_12497	IIND3311C_12498	IIND3312_13478	IIND3400_10158	IIND3400_10752	IIND3402_13075	IIND3991_13860	IIND4002_11315	IIND4005_10190	IIND4006_11316	IIND4010_13861	IIND4011_13862	IIND4100_10016	IIND4101_10017	IIND4103_26884	IIND4109_26885	IIND4110_11069	IIND4115_26886	IIND4121_27435	IIND4123_26888	IIND4200_10210	IIND4210_14365	IIND4213_11191	IIND4226_26891	IIND4302_26892	IIND4307_26893	IIND4311_26894	IIND4317_13232	IIND4333_26895	IIND4344_26896	IIND4403_10211	IIND4406_10202	IIND4414_27802	IIND6002_13932	IIND6003_14579	IIND6402_24543	IIND6970_13864	IIND6980_13865	IIND6981_13866	IIND6982_13867	IIND6983_26898	IIND6990_13868	IIND6997_13869
1707240824	17	34	25	33	10	9	8	8	9	9	10	10	10	9	8	10	10	9	10	9	10	8	0	0	0	60	50	50	60	20	30	30	30	30	25	25	30	70	70	40	60	70	25	25	25	25	25	25	25	30	25	25	25	30	60	70	40	70	70	70	60	40	40	60	30	30	35	30	30	35	30	30	30	30	30	30	30	30	30	30	30	30	30	60	70	60	60	35	35	30	30	30	30	30	30	40	50	50	50	50	40	50	25	20	25	25	25	20	25	25	20	20	25	25	25	25	60	60	59	30	30	29	30	30	30	60	70	39	60	29	30	30	30	35	35	20	20	70	70	69	35	35	35	35	35	34	60	60	60	15	15	15	15	15	15	15	15	15	15	15	15	55	55	40	55	55	70	70	60	70	70	70	70	40	70	60	64	64	64	64	64	64	64	64	64	64	100	100	200	30	60	30	30	30	100	0	45	70	69	70	35	35	35	35	35	35	60	50	59	30	29	75	70	76	40	35	37	34	40	35	18	50	60	100	70	50	50	50	50	60	87	120	65	200	0	30	0	0	0	30	35	35	40	0	40	40	30	30	0	40	0	50	40	40	0	20	30	15	40	40	0	0	0	0	30	30	30	30	0	0
1707240905	0	29	11	29	9	6	5	8	9	8	10	9	9	8	8	9	10	9	10	9	8	8	0	0	0	60	50	50	60	20	30	30	30	30	25	25	30	70	70	40	59	70	25	25	25	25	25	25	24	30	25	25	25	30	59	70	40	70	70	70	60	40	40	60	30	30	35	29	30	35	30	30	30	30	30	30	30	30	30	30	30	30	30	60	70	60	60	35	35	30	30	30	30	30	30	40	50	50	50	50	40	50	25	20	25	25	25	20	25	25	20	20	25	25	25	25	60	60	59	30	30	29	30	30	30	60	70	39	60	29	30	30	30	35	35	20	20	70	70	69	35	35	35	35	35	34	60	60	60	15	15	15	15	15	15	15	15	15	15	15	15	55	54	40	55	55	70	69	60	70	70	60	70	40	70	60	63	64	64	64	64	64	64	64	64	64	100	100	200	30	30	30	30	30	100	0	45	60	60	60	30	30	30	30	30	30	50	40	39	20	19	70	70	69	35	35	35	34	35	35	18	50	60	99	70	49	50	35	35	40	70	120	50	200	0	30	0	0	0	30	40	35	40	0	40	30	30	40	0	40	0	50	45	40	0	20	30	15	40	40	0	0	0	0	30	30	30	30	0	0
1707240930	0	26	7	26	8	5	5	6	9	8	10	9	9	8	8	9	10	8	10	9	8	7	0	0	0	60	50	50	60	20	30	30	30	30	25	25	30	70	70	40	59	70	25	25	25	25	25	25	24	30	25	25	25	30	59	70	40	70	70	70	60	40	40	60	30	30	35	29	30	35	30	30	30	30	30	30	30	30	30	30	30	30	30	60	70	60	60	35	35	30	30	30	30	30	30	40	50	50	50	50	40	50	25	20	25	25	25	20	25	25	20	20	25	25	25	25	60	60	59	30	30	29	30	30	30	60	70	39	60	29	30	30	30	35	35	20	20	70	70	69	35	35	35	35	35	34	60	60	60	15	15	15	15	15	15	15	15	15	15	15	15	55	54	40	55	55	70	69	60	70	69	60	70	40	70	60	63	64	64	64	64	63	64	64	64	64	100	100	199	30	30	30	30	30	100	0	45	59	60	60	30	30	29	30	30	30	50	40	39	20	19	70	70	69	35	35	35	34	35	35	18	50	60	99	70	49	50	35	35	40	70	120	50	200	0	30	0	0	0	25	37	31	40	0	38	30	28	33	0	39	0	49	45	40	0	19	30	14	40	39	0	0	0	0	30	30	30	30	0	0
1707240941	0	26	0	17	8	4	3	6	9	8	10	9	9	7	8	8	10	8	10	9	8	6	0	0	0	60	50	50	60	20	30	30	30	30	25	25	30	70	70	40	59	70	25	25	25	25	25	25	24	30	25	25	25	30	59	70	40	70	70	70	60	40	40	60	30	30	35	29	30	35	30	30	30	30	30	30	30	30	30	30	30	30	30	60	70	60	60	35	35	30	30	30	30	30	30	40	50	50	50	50	40	50	25	20	25	25	25	20	25	25	20	20	25	25	25	25	60	60	59	30	30	29	30	30	30	60	70	39	60	29	30	30	30	35	35	20	20	70	70	69	35	35	35	35	35	34	60	60	60	15	15	15	15	15	15	15	15	15	15	15	15	55	54	40	55	55	70	69	60	70	69	60	70	40	70	60	63	64	64	64	64	63	64	64	64	64	100	100	199	30	30	30	30	30	100	0	45	59	60	60	30	30	29	30	30	30	49	40	39	20	19	70	70	69	35	35	35	34	35	35	18	50	60	98	70	48	50	35	35	40	70	120	50	200	0	30	0	0	0	25	37	30	40	0	37	30	26	33	0	39	0	49	45	40	0	19	30	14	40	39	0	0	0	0	30	30	30	30	0	0
1707241000	0	25	0	14	8	5	3	5	9	8	9	9	9	7	7	8	10	8	10	9	8	6	0	0	0	60	50	50	60	20	30	30	30	30	25	25	30	70	70	40	59	70	25	25	25	25	25	25	24	30	25	25	25	30	59	70	40	70	70	70	60	40	40	60	30	30	35	29	30	35	30	30	30	30	30	30	30	30	30	30	30	30	30	60	70	60	60	35	35	30	30	30	30	30	30	40	50	50	50	50	40	50	25	20	25	25	25	20	25	25	20	20	25	25	25	25	60	60	59	30	30	29	30	30	30	60	70	39	60	29	30	30	30	35	35	20	20	70	70	69	35	35	35	35	35	34	60	60	60	15	15	15	15	15	15	15	15	15	15	15	15	55	54	40	55	55	70	69	60	70	69	60	70	40	70	60	63	64	64	64	64	63	64	64	64	64	100	100	199	30	30	30	30	30	100	0	45	59	60	60	30	30	29	30	30	30	49	40	39	20	19	70	70	69	35	35	35	34	35	35	18	50	60	98	70	48	50	35	35	40	70	120	50	200	0	30	0	0	0	24	37	29	40	0	37	30	26	33	0	39	0	49	44	40	0	18	30	14	40	39	0	0	-1	0	30	30	30	30	0	0
1707241012	0	25	0	4	8	4	2	5	9	8	9	9	9	6	7	8	10	8	10	9	8	6	0	0	0	60	50	50	60	20	30	30	30	30	25	25	30	70	69	40	59	70	25	25	25	25	25	24	24	30	25	25	25	30	59	70	39	70	70	70	60	40	40	60	30	30	35	29	30	35	30	30	30	30	30	30	30	30	30	30	30	29	30	60	70	60	60	35	35	30	30	30	30	30	30	40	50	49	50	50	40	50	25	20	25	24	25	20	25	25	20	20	25	25	25	25	59	60	59	30	30	28	30	30	30	60	70	39	60	29	30	30	30	35	35	20	20	69	70	69	34	35	35	35	35	34	60	58	60	15	15	15	15	14	14	15	15	15	15	15	15	55	54	40	55	55	70	69	60	70	69	60	70	40	70	60	63	64	64	64	64	63	64	64	64	64	100	100	199	30	30	30	30	30	100	0	45	59	60	60	30	30	29	30	30	30	49	40	39	20	19	70	70	69	35	35	35	34	35	35	18	50	60	98	70	48	50	35	35	40	69	120	50	200	0	30	0	0	0	24	37	29	40	0	37	30	26	33	0	39	0	49	44	40	0	18	30	14	40	39	0	0	-1	0	30	30	30	29	0	0
1707241023	0	17	0	0	8	4	2	5	9	8	9	9	9	6	5	8	9	8	10	9	6	6	0	0	0	60	50	50	60	20	30	30	30	30	25	25	30	70	69	40	59	70	25	25	25	25	25	24	24	30	25	25	25	30	59	70	39	70	70	70	60	40	40	60	30	30	35	29	30	35	30	30	30	30	30	30	30	30	30	30	30	29	30	60	70	60	60	35	35	30	30	30	30	30	30	40	50	49	50	50	40	50	25	20	25	24	25	20	25	25	20	20	25	25	25	25	59	60	59	30	30	28	30	30	30	60	70	39	60	29	30	30	30	35	35	20	20	69	70	69	34	35	35	35	35	34	60	58	60	15	15	15	15	14	14	15	15	15	15	15	15	55	54	40	55	55	70	69	60	70	69	60	70	40	70	60	63	64	64	64	64	63	64	64	64	64	100	100	199	30	30	30	30	30	100	0	45	59	60	60	30	30	29	30	30	30	49	40	39	20	19	70	70	69	35	35	35	34	35	35	18	50	60	98	70	48	50	35	35	40	69	120	50	200	0	30	0	0	0	24	37	29	40	0	37	30	26	33	0	39	0	49	44	40	0	18	30	13	40	38	0	0	-2	0	30	30	30	27	0	0
1707241039	0	13	0	0	8	4	2	3	9	8	9	9	9	6	5	8	9	8	10	9	6	6	0	0	0	60	50	50	60	20	30	30	30	30	25	25	30	70	69	40	59	70	25	25	25	25	25	24	24	30	25	25	25	30	59	69	39	70	70	70	60	40	40	60	30	30	35	29	30	35	30	30	29	30	30	30	30	30	30	30	30	29	30	60	70	60	60	35	35	30	30	30	30	30	30	40	50	49	50	50	40	50	25	20	25	24	25	20	25	25	20	20	25	25	25	25	59	60	59	30	30	28	30	30	30	60	70	39	60	29	30	30	30	35	35	20	20	69	70	69	34	35	35	35	35	34	60	58	60	15	15	15	15	14	14	15	15	15	15	15	15	55	54	40	55	55	70	69	60	70	69	60	70	40	70	60	63	64	64	64	64	63	64	64	64	64	100	100	199	30	30	30	30	30	100	0	45	59	60	60	30	30	29	30	30	30	49	40	39	20	19	70	70	69	35	35	35	34	35	35	18	50	60	98	70	48	50	35	35	40	69	120	50	200	0	30	0	0	0	23	36	28	40	0	37	30	24	32	0	39	0	49	44	40	0	18	30	13	40	37	0	0	-2	0	30	30	30	26	0	0
1707241047	0	11	0	0	8	4	1	3	9	8	9	9	8	6	5	8	9	9	10	9	6	6	0	0	0	60	50	50	60	20	30	30	30	30	25	25	30	70	69	40	59	70	25	25	25	25	25	24	24	30	25	25	25	30	59	69	39	70	70	70	60	40	40	60	30	30	35	29	30	35	30	30	29	30	30	30	30	30	30	30	30	29	30	60	70	60	60	35	35	30	30	30	30	30	30	40	50	49	50	50	40	50	25	20	25	24	25	20	25	25	20	20	25	25	25	25	59	60	59	30	30	28	30	30	30	60	70	39	60	29	30	30	30	35	35	20	20	69	70	69	34	35	35	35	35	34	60	58	60	15	15	15	15	14	14	15	15	15	15	15	15	55	54	40	55	55	70	69	60	70	69	60	70	40	70	60	63	64	64	64	64	63	64	64	64	64	100	100	199	30	30	30	30	30	100	0	45	59	60	60	30	30	29	30	30	30	49	40	39	20	19	70	70	69	35	35	35	34	35	35	18	50	60	98	70	48	50	35	35	40	69	120	50	200	0	30	0	0	0	22	35	27	40	0	37	30	23	32	0	39	0	49	44	40	0	18	30	13	40	37	0	0	-2	0	30	30	30	26	0	0
1707241055	0	11	0	0	7	4	1	3	9	8	9	9	8	6	5	8	9	9	10	9	6	6	0	0	0	60	50	50	60	20	30	30	30	30	25	25	30	70	69	40	59	70	25	25	25	25	25	24	24	30	25	25	25	30	59	69	39	70	70	70	60	40	40	60	30	30	35	29	30	35	30	30	29	30	30	30	30	30	30	30	30	29	30	60	70	60	60	35	35	30	30	30	30	30	30	40	50	49	50	50	40	50	25	20	25	24	25	20	25	25	20	20	25	25	25	25	59	60	59	30	30	28	30	30	30	60	70	39	60	29	30	30	30	35	35	20	20	69	70	69	34	35	35	35	35	34	60	58	60	15	15	15	15	14	14	15	15	15	15	15	15	55	54	40	55	55	70	69	60	70	69	60	70	40	70	60	63	64	64	64	64	63	64	64	64	64	100	100	199	30	30	30	30	30	100	0	45	59	60	60	30	30	29	30	30	30	49	40	39	20	19	70	70	69	35	35	35	34	35	35	18	50	60	98	70	48	50	35	35	40	69	120	50	200	0	30	0	0	0	20	35	27	39	0	36	30	22	30	0	39	0	49	44	40	0	18	30	13	40	37	0	0	-2	0	30	30	30	26	0	0
1707241129	5	12	5	5	7	4	2	3	9	8	9	9	8	5	5	8	9	9	10	9	6	6	0	0	0	60	50	50	60	20	30	30	30	30	25	25	30	70	69	40	59	70	25	25	25	25	25	24	24	30	25	25	25	30	59	70	39	70	70	70	60	40	40	60	30	30	35	29	30	35	30	30	30	30	30	30	30	30	30	30	30	29	30	60	70	60	60	35	35	30	30	30	30	30	30	40	50	49	50	50	40	50	25	20	25	25	25	20	25	25	20	20	25	24	25	25	59	60	59	30	30	28	30	30	30	60	70	39	60	29	30	30	30	35	35	20	20	69	70	69	34	35	35	35	35	34	60	58	60	15	15	15	15	14	14	15	15	15	15	15	15	55	54	40	55	55	70	69	60	70	69	60	70	40	70	60	63	64	64	64	64	63	64	64	64	64	100	100	199	30	30	30	30	30	100	0	45	59	60	60	30	30	29	30	30	30	49	40	39	20	19	70	70	69	35	35	35	34	35	35	18	50	60	98	70	48	50	35	35	40	69	120	50	200	0	30	0	0	0	12	31	24	38	0	34	30	18	27	0	38	0	48	44	40	0	17	29	11	40	35	0	0	-2	0	30	30	30	26	0	0
1707241147	4	13	5	4	7	4	2	3	9	8	9	9	8	5	5	8	9	9	10	9	6	6	0	0	0	60	50	50	60	20	30	30	30	30	25	25	30	70	69	40	59	70	25	25	25	25	25	24	24	30	25	25	25	30	59	70	39	70	70	70	60	40	40	60	30	30	35	29	30	35	30	30	30	30	30	30	30	30	30	30	30	29	30	60	70	60	60	35	35	30	30	30	30	30	30	40	50	49	50	50	40	50	25	20	25	25	25	20	25	25	20	20	25	24	25	25	59	60	59	30	30	28	30	30	30	60	70	39	60	29	30	30	30	35	35	20	20	69	70	69	34	35	35	35	35	34	60	58	60	15	15	15	15	14	14	15	15	15	15	15	15	55	54	40	55	55	70	69	60	70	69	60	70	40	70	60	63	64	64	64	64	63	64	64	64	64	100	100	199	30	30	30	30	30	100	0	45	59	60	60	30	30	29	30	30	30	49	40	39	20	19	70	70	69	35	35	35	34	35	35	18	50	60	98	70	48	50	35	35	40	69	120	50	200	0	29	0	0	0	8	28	22	38	0	33	30	13	24	0	38	0	46	44	39	0	15	29	8	40	35	0	0	-2	0	30	30	30	26	0	0
1707241221	3	14	3	5	7	4	1	3	9	8	9	9	8	5	5	8	9	9	10	9	6	5	0	0	0	60	50	50	60	20	30	30	30	30	25	25	30	70	69	40	59	70	25	25	25	25	25	24	24	30	25	25	25	30	59	70	39	70	70	70	60	40	40	60	30	30	35	29	30	35	30	30	30	30	30	30	30	30	30	30	30	29	30	60	70	60	60	35	35	30	30	30	30	30	30	40	50	49	50	50	40	50	25	20	25	25	25	20	25	25	20	20	25	24	25	25	60	59	59	30	30	28	30	30	30	60	70	39	60	29	30	30	30	35	35	20	20	69	70	69	34	35	35	35	35	34	60	58	60	15	15	15	15	14	14	15	15	15	15	15	15	55	54	40	55	55	70	69	60	70	69	60	70	40	70	60	63	64	64	64	64	63	64	64	64	64	100	99	199	30	30	30	30	30	99	0	45	59	60	60	30	30	29	30	30	30	49	40	39	20	19	70	70	69	35	35	35	34	35	35	18	50	60	98	70	48	50	35	35	40	69	120	50	200	0	29	0	0	0	8	27	22	38	0	33	30	12	23	0	38	0	46	44	39	0	15	30	8	40	35	0	0	-2	0	30	30	30	26	0	0
1707241307	1	15	3	5	7	4	1	3	8	8	9	9	8	5	5	8	9	9	10	9	6	6	0	0	0	60	50	50	60	20	30	30	30	30	25	25	30	70	69	40	59	70	25	25	25	25	25	24	24	30	25	25	25	30	59	70	39	70	70	70	60	40	40	60	30	30	35	29	30	35	30	30	30	30	30	30	30	30	30	30	30	29	30	60	70	60	60	35	35	30	30	30	30	30	30	40	50	49	50	50	40	50	25	20	25	25	25	20	25	25	20	20	25	24	25	25	60	59	59	30	30	28	30	30	30	60	70	39	60	29	30	30	30	35	35	20	20	69	70	69	34	35	35	35	35	34	60	58	60	15	15	15	15	14	14	15	15	15	15	15	15	55	54	40	55	55	70	69	60	70	69	60	70	40	70	60	63	64	64	64	64	63	64	64	64	64	100	99	199	30	30	30	30	30	99	0	45	59	60	60	30	30	29	30	30	30	49	40	39	20	19	70	70	69	35	35	35	34	35	35	18	50	60	98	70	48	50	35	35	40	69	120	50	200	0	29	0	0	0	8	27	22	38	0	31	30	12	23	0	38	0	46	44	39	0	15	30	8	40	35	0	0	-2	0	30	30	30	26	0	0
1707241415	0	15	3	6	7	4	1	3	8	8	9	9	8	5	5	8	8	9	10	9	6	6	0	0	0	60	50	50	60	20	30	30	30	30	25	25	30	70	69	40	59	70	25	25	25	25	25	24	24	30	25	25	25	30	59	70	39	70	70	70	60	40	40	60	30	30	35	29	30	35	30	30	30	30	30	30	30	30	30	30	30	29	30	60	70	60	60	35	35	30	30	30	30	30	30	40	50	49	50	50	40	50	25	20	25	25	25	20	25	25	20	20	25	24	25	25	60	59	59	30	30	28	30	30	30	60	70	39	60	29	30	30	30	35	35	20	20	69	70	69	34	35	35	35	35	34	60	58	60	15	15	15	15	14	14	15	15	15	15	15	15	55	54	40	55	55	70	69	60	70	69	60	70	40	70	60	63	64	64	64	64	63	64	64	64	64	100	99	199	30	30	30	30	30	99	0	45	59	60	60	30	30	29	30	30	30	49	40	39	20	19	70	70	69	35	35	35	34	35	35	18	50	60	98	70	48	50	35	35	40	69	120	50	200	0	25	0	0	0	6	27	20	35	0	31	30	8	20	0	35	0	44	39	38	0	13	29	3	37	31	0	0	-2	0	30	30	30	26	0	0
1707241512	0	15	3	6	7	4	1	3	8	8	9	9	8	5	5	8	8	9	10	9	6	5	0	0	0	60	49	47	57	17	30	28	30	29	25	25	29	62	64	40	59	70	23	22	23	23	24	24	24	30	24	23	25	30	56	69	35	70	69	70	54	36	40	60	29	29	34	27	30	35	29	29	25	30	30	30	30	29	29	29	30	25	30	54	67	59	58	34	35	28	27	29	27	29	29	39	50	48	50	50	40	50	25	19	25	25	25	20	25	25	20	20	25	23	25	25	56	53	59	30	28	27	26	27	30	59	67	37	59	29	29	28	28	35	34	19	20	63	70	66	30	33	33	35	35	33	60	53	59	15	15	15	13	14	13	15	15	15	15	13	14	53	53	39	52	54	68	69	60	70	62	48	64	40	69	60	59	64	58	63	63	52	63	61	63	64	99	97	198	30	30	30	30	29	98	0	44	55	56	58	30	29	27	30	24	29	48	40	38	19	19	68	69	65	32	35	35	32	34	34	18	50	59	89	69	43	46	34	35	40	68	114	49	200	-13	24	0	0	0	5	27	20	34	0	30	29	2	18	0	34	0	44	38	38	0	12	29	3	37	31	0	0	-2	0	30	30	30	25	0	0
1707241556	0	14	3	6	7	4	1	4	8	8	9	9	8	5	5	8	8	9	10	9	6	6	0	0	0	60	49	47	57	17	30	28	30	29	25	25	29	61	64	40	59	70	23	22	23	23	24	23	24	30	24	23	25	30	56	68	35	69	69	70	51	37	40	59	29	28	33	27	30	35	29	29	25	30	29	30	29	29	28	29	30	25	30	54	67	58	58	34	35	28	27	28	28	28	29	39	49	47	50	50	40	50	25	20	25	25	25	19	25	25	20	20	25	22	25	24	55	53	59	30	27	27	26	27	30	59	68	37	58	29	30	28	28	35	33	19	20	63	70	66	30	33	33	35	35	33	60	50	58	15	15	15	11	12	14	14	15	15	15	13	14	53	53	39	52	54	68	69	60	70	61	45	64	38	69	59	58	64	58	63	63	50	61	60	63	63	98	96	197	30	29	29	30	29	98	-1	43	55	56	58	30	29	27	30	24	29	48	39	38	19	19	68	69	64	32	34	35	32	34	34	18	50	58	89	69	43	46	34	35	40	68	110	49	198	-24	22	-10	0	0	3	25	19	33	0	28	29	0	14	0	34	0	41	37	36	0	10	29	2	37	30	0	0	-2	0	30	30	30	25	0	0
1707241623	0	14	3	6	7	4	1	4	8	8	9	9	8	5	5	8	8	9	10	9	6	6	0	0	0	60	49	47	56	17	30	28	30	29	25	25	28	60	64	40	59	70	22	22	23	23	24	23	24	30	24	23	25	30	56	68	35	69	69	70	51	36	40	59	29	28	33	27	30	35	29	29	25	29	29	30	29	29	28	29	30	25	30	54	67	58	57	34	34	28	27	28	28	28	29	39	49	47	50	50	40	50	25	20	25	25	25	19	25	25	20	20	25	22	25	24	55	53	59	30	27	27	26	27	30	58	68	36	58	29	29	28	28	35	33	19	19	62	70	66	29	33	33	35	35	33	60	50	58	15	15	15	11	12	14	14	15	15	15	13	14	53	53	39	52	54	68	69	59	70	61	46	63	38	69	59	58	64	58	63	63	50	61	60	63	62	96	95	189	30	29	29	29	28	98	-1	42	53	55	58	29	29	27	30	23	28	48	39	37	18	19	68	69	59	31	34	35	30	32	34	18	49	56	88	68	42	46	33	35	40	68	109	47	198	-24	22	-24	0	0	0	24	17	32	0	28	29	0	13	0	34	0	41	34	36	0	8	29	2	36	30	0	0	-2	0	30	30	30	25	0	0
1707241717	0	14	3	6	7	4	1	4	8	8	9	9	8	5	5	8	8	9	10	9	6	6	0	0	0	59	49	46	56	16	29	28	30	29	25	25	28	59	64	40	59	70	22	22	23	23	24	22	24	30	24	23	25	30	56	68	35	68	69	70	52	35	40	58	29	28	33	27	30	35	29	29	25	29	29	28	29	29	29	29	30	24	30	54	67	58	57	34	34	28	27	28	28	28	29	39	49	47	50	50	40	50	25	20	25	25	25	19	25	25	20	20	25	22	25	24	55	52	59	30	27	27	25	27	30	58	68	36	58	29	29	28	28	35	33	19	19	62	69	65	29	33	32	34	35	33	60	50	58	15	15	15	11	12	14	14	15	15	15	13	14	53	53	39	52	54	67	69	59	70	61	46	62	38	69	59	58	64	58	63	63	48	61	60	63	62	94	93	179	30	25	29	29	26	97	-1	40	52	52	57	28	29	26	30	22	26	47	37	35	16	19	67	69	57	31	34	34	28	32	34	18	49	55	84	66	38	46	31	35	39	67	108	45	195	-24	22	-24	0	0	0	22	14	32	0	28	29	0	12	0	33	0	41	34	36	0	5	28	2	35	26	0	0	-2	0	30	30	30	25	0	-1
1707241814	0	14	2	4	7	4	1	4	8	8	9	9	8	5	4	8	8	9	10	9	6	5	0	0	0	59	49	46	56	16	29	28	30	29	25	25	28	59	64	40	59	70	22	22	23	23	24	22	24	30	24	23	25	30	56	68	35	68	68	70	53	35	40	58	29	28	33	27	30	35	29	29	25	29	29	28	29	29	29	29	30	24	30	54	67	58	57	34	34	28	27	28	28	28	29	39	49	47	49	50	40	50	25	20	25	25	25	18	25	25	20	20	25	22	25	24	55	52	59	30	27	27	25	27	30	58	68	36	58	29	29	28	28	35	33	19	19	62	69	64	29	33	32	34	35	32	60	50	58	15	15	15	11	12	14	14	15	15	15	13	14	53	53	39	52	54	67	69	59	70	61	46	62	38	69	59	58	64	58	63	63	48	61	60	63	62	93	93	179	30	25	29	29	26	97	-1	40	52	52	57	28	29	26	30	22	26	47	37	35	16	19	67	69	57	31	34	34	28	32	34	18	49	55	84	66	38	46	31	35	39	67	108	45	195	-24	22	-24	0	0	0	21	14	32	0	28	29	0	12	0	33	0	41	34	36	0	5	28	2	34	26	0	0	-2	0	30	30	30	25	0	-1
1707241848	0	14	1	4	7	4	1	4	8	8	9	9	8	5	4	8	8	9	10	9	6	5	0	0	0	59	49	46	56	16	29	28	30	29	25	25	28	59	64	40	59	70	22	22	23	23	24	22	24	30	24	23	25	30	56	68	35	68	68	70	53	35	40	58	29	28	33	27	30	35	29	28	25	29	30	28	29	29	29	29	30	24	30	54	67	58	57	34	34	28	27	28	28	28	29	39	49	47	49	50	40	50	25	20	25	25	25	18	25	25	20	20	25	22	25	24	55	52	59	30	27	27	25	27	30	58	68	36	58	29	29	28	28	35	33	19	19	62	69	64	29	33	32	34	35	32	60	50	58	15	15	15	11	12	14	14	15	15	15	13	14	53	53	39	52	54	67	69	59	70	60	46	62	38	69	60	58	64	58	62	63	49	61	60	63	62	93	93	178	30	25	29	29	26	97	-1	40	52	52	57	28	29	26	30	22	26	47	36	35	16	19	67	69	57	31	34	34	28	32	34	17	49	55	84	66	38	46	31	35	39	67	108	45	194	-24	22	-24	0	0	0	21	14	32	0	28	29	0	12	0	33	0	41	34	36	0	5	28	2	34	26	0	0	-2	0	30	30	30	25	0	-1
1707242034	0	14	1	4	7	4	1	4	8	8	9	9	8	5	4	8	9	8	10	9	6	5	0	0	0	59	49	46	56	17	29	28	30	29	25	25	27	59	64	40	59	70	22	22	23	23	24	22	24	30	24	23	25	30	56	68	35	68	68	70	53	35	40	58	29	28	33	27	30	35	28	29	25	29	30	28	29	29	29	29	30	24	30	54	68	58	56	34	34	28	27	28	28	28	29	40	48	47	49	50	40	50	25	20	25	25	24	18	25	25	20	20	25	23	25	24	55	52	59	30	27	27	25	27	30	58	68	36	58	29	29	28	28	35	33	19	19	62	69	64	29	33	32	34	35	32	60	50	58	15	15	15	11	12	14	14	15	15	15	13	14	53	53	39	52	54	67	69	59	70	60	46	62	38	69	60	58	64	58	62	63	49	61	60	63	62	93	93	178	29	25	29	29	26	97	-1	40	51	52	57	28	29	26	30	21	26	47	36	35	16	19	67	69	57	31	34	34	28	32	34	17	49	55	84	66	38	46	31	35	39	67	108	45	194	-24	22	-24	0	0	0	21	14	32	0	28	29	0	11	0	33	0	41	34	36	0	5	28	2	34	26	0	0	-2	0	30	30	30	25	0	-1
1707242132	0	14	1	4	7	4	1	4	8	8	9	9	8	5	4	8	9	8	10	9	6	5	0	0	0	59	49	46	56	17	29	28	30	29	25	25	27	59	64	40	59	70	22	22	23	23	24	22	24	30	24	23	25	30	56	68	35	68	68	70	53	35	40	58	29	28	33	27	30	35	28	29	25	29	30	28	29	29	29	29	30	24	30	54	68	58	56	34	34	28	27	28	28	28	29	40	48	47	49	50	40	50	25	20	25	25	24	18	25	25	20	20	25	23	25	24	55	52	59	30	27	27	25	27	30	58	68	36	58	29	29	28	28	35	33	19	19	62	69	64	29	33	32	34	35	32	60	50	58	15	15	15	11	12	14	14	15	15	15	13	14	53	53	39	52	54	67	69	59	70	60	46	62	38	69	60	58	64	58	62	63	49	61	60	63	62	93	93	178	29	25	29	29	26	97	-1	40	51	52	57	28	29	26	30	21	26	47	36	35	16	19	67	69	57	31	34	34	28	32	34	17	49	55	84	66	38	46	31	35	39	67	108	45	194	-24	21	-24	0	0	0	21	14	32	0	28	29	0	11	0	33	0	41	34	36	0	5	28	2	34	26	0	0	-2	0	30	30	30	25	0	-1
1707242210	0	14	1	4	7	4	1	4	8	8	9	9	8	5	4	8	9	8	10	9	6	5	0	0	0	59	49	46	56	17	29	28	30	29	25	25	27	59	64	40	59	70	22	22	23	23	24	22	24	30	24	23	25	30	56	68	35	68	68	70	53	35	40	58	29	28	33	27	30	35	28	29	25	29	30	28	29	29	29	29	30	24	30	54	68	58	56	34	34	28	27	28	28	28	29	40	48	47	49	50	40	50	25	20	25	25	24	18	25	25	20	20	25	23	25	24	55	52	59	30	27	27	25	27	30	58	68	36	58	29	29	28	28	35	33	19	19	62	69	64	29	33	32	34	35	32	60	50	58	15	15	15	11	12	14	14	15	15	15	13	14	53	53	39	52	54	67	69	59	70	60	46	62	38	69	60	58	64	58	62	63	49	61	60	63	62	93	93	178	29	25	29	29	26	97	-1	40	51	52	57	28	29	26	30	21	26	47	36	35	16	19	67	69	57	31	34	34	28	32	34	17	49	55	84	66	38	46	31	35	39	67	108	44	194	-24	20	-24	0	0	0	21	14	31	0	28	29	0	11	0	33	0	41	34	36	0	5	28	2	34	26	0	0	-2	0	30	30	30	25	0	-1
1707242307	0	14	1	4	7	4	1	4	8	8	9	9	8	5	4	8	9	8	10	9	6	5	0	0	0	59	49	46	56	17	29	28	30	29	25	25	27	59	64	40	59	70	22	22	23	23	24	22	24	30	24	23	25	30	56	68	35	68	68	70	53	35	40	58	29	28	33	27	30	35	28	29	25	29	30	28	29	29	29	29	30	24	30	54	68	58	56	34	34	28	27	28	28	28	29	40	48	47	49	50	40	50	25	20	25	25	24	18	25	25	20	20	25	23	25	24	55	52	59	30	27	27	25	27	30	58	68	36	58	29	29	28	28	35	33	19	19	62	69	64	29	33	32	34	35	32	60	50	58	15	15	15	11	12	14	14	15	15	15	13	14	53	53	39	52	54	67	69	59	70	60	46	62	38	69	60	58	64	58	62	63	49	61	60	63	62	93	93	178	29	25	29	29	26	97	-1	40	51	52	57	28	29	26	30	21	26	46	36	35	16	19	67	69	57	31	34	34	28	32	34	17	49	55	84	66	38	46	31	35	39	67	108	44	194	-24	20	-24	0	0	0	21	14	31	0	27	29	0	11	0	33	0	42	34	36	0	4	28	2	34	26	0	0	-2	0	30	30	30	25	0	-1
1707242329	0	14	1	4	7	4	1	4	8	8	9	9	8	5	4	8	9	8	10	9	6	5	0	0	0	59	49	46	56	17	29	28	30	29	25	25	27	59	64	40	59	70	22	22	23	23	24	22	24	30	24	23	25	30	56	68	35	68	68	70	53	35	40	58	29	28	33	27	30	35	28	29	25	29	30	28	29	29	29	29	30	24	30	54	68	58	56	34	34	28	27	28	28	28	29	40	48	47	49	50	40	50	25	20	25	25	24	18	25	25	20	20	25	23	25	24	55	52	59	30	27	27	25	27	30	58	68	36	58	29	29	28	28	35	33	19	19	62	69	64	29	33	32	34	35	32	60	50	58	15	15	15	11	12	14	14	15	15	15	13	14	53	53	39	52	54	67	69	59	70	60	46	62	38	69	60	58	64	58	62	63	49	61	60	63	62	93	93	178	29	25	29	29	26	97	-1	40	51	52	57	28	29	26	30	21	26	46	36	35	16	19	67	69	57	31	34	34	28	32	34	17	49	55	84	66	38	46	31	35	39	67	108	44	194	-24	20	-24	0	0	0	21	14	31	0	27	29	0	11	0	33	0	42	34	36	0	4	28	2	34	26	0	0	-2	0	30	30	30	25	0	-1
1707242343	0	14	1	4	7	4	1	4	8	8	9	9	8	5	4	8	9	8	10	9	6	5	0	0	0	59	49	46	56	17	29	28	30	29	25	25	27	59	64	40	59	70	22	22	23	23	24	22	24	30	24	23	25	30	56	68	35	68	68	70	53	35	40	58	29	28	33	27	30	35	28	29	25	29	30	28	29	29	29	29	30	24	30	54	68	58	56	34	34	28	27	28	28	28	29	40	48	47	49	50	40	50	25	20	25	25	24	18	25	25	20	20	25	23	25	24	55	52	59	30	27	27	25	27	30	58	68	36	58	29	29	28	28	35	33	19	19	62	69	64	29	33	32	34	35	32	60	50	58	15	15	15	11	12	14	14	15	15	15	13	14	53	53	39	52	54	67	69	59	70	60	46	62	38	69	60	58	64	58	62	63	49	61	60	63	62	93	93	178	29	25	29	29	26	97	-1	40	51	52	57	28	29	26	30	21	26	46	36	35	16	19	67	69	57	31	34	34	28	32	34	17	49	55	84	66	38	46	31	35	39	67	108	44	194	-24	20	-24	0	0	0	21	14	31	0	27	29	0	11	0	33	0	42	34	36	0	4	28	2	34	26	0	0	-2	0	30	30	30	25	0	-1
1707250748	0	14	1	4	7	4	1	4	8	8	9	9	8	5	4	8	9	8	10	9	6	5	0	0	0	59	49	46	56	17	29	28	30	29	25	25	27	59	64	40	59	70	22	22	23	23	24	22	24	30	24	23	25	30	56	68	35	68	68	70	53	35	40	58	29	28	33	27	30	35	28	29	25	29	30	28	29	29	29	29	30	24	30	54	68	58	56	34	34	28	27	28	28	28	29	40	48	47	49	50	40	50	25	20	25	25	24	18	25	25	20	20	25	23	25	24	55	52	59	30	27	27	25	27	30	58	68	36	58	29	29	28	28	35	33	19	19	62	69	64	29	33	32	34	35	32	60	50	58	15	15	15	11	12	14	14	15	15	15	13	14	53	53	39	52	54	67	69	59	70	60	46	62	38	69	60	58	64	58	62	63	49	61	60	63	62	93	93	177	29	25	29	29	26	97	-1	40	51	52	57	28	29	26	30	21	26	46	36	35	16	19	67	69	57	31	34	34	28	32	34	17	49	55	84	66	38	46	31	35	39	67	108	44	194	-24	20	-24	0	0	0	20	14	31	0	27	29	0	11	0	33	0	42	34	35	0	3	28	1	34	24	0	0	-2	0	30	30	30	25	0	-1
1707251027	0	14	1	4	7	4	1	4	8	8	9	9	8	5	4	8	9	8	10	9	6	5	0	0	0	59	48	46	55	17	28	27	30	29	25	25	27	50	57	40	59	70	22	20	21	22	20	22	20	28	24	22	25	30	56	68	34	67	68	70	52	35	40	58	29	28	33	27	30	35	28	29	25	29	30	28	29	29	29	28	30	23	29	51	68	57	53	33	34	25	26	28	28	26	29	40	48	47	49	50	40	50	25	20	25	25	24	18	25	25	20	20	25	23	25	24	46	48	59	26	25	25	23	24	30	58	68	31	58	28	28	28	28	35	33	16	19	52	68	61	21	31	31	34	34	30	60	45	56	15	15	15	8	11	13	13	15	15	15	13	13	52	53	38	51	54	66	68	59	70	59	45	60	37	69	60	57	62	57	61	63	48	61	59	63	62	70	77	119	20	3	24	23	11	82	-1	33	40	48	46	24	28	18	28	12	24	36	26	28	12	16	63	68	46	26	34	31	23	30	33	14	45	35	70	60	29	41	25	35	36	63	98	26	180	-24	20	-24	0	0	0	15	0	25	0	24	27	0	4	0	15	0	34	9	24	0	0	21	0	21	16	0	0	-2	0	30	29	30	24	0	-1
1707251309	0	15	1	4	7	4	1	4	8	8	9	9	8	5	4	9	9	8	10	9	6	4	0	0	0	57	48	44	54	16	27	27	30	27	24	25	27	43	49	39	57	70	21	18	21	21	15	20	19	27	24	17	25	30	56	67	33	64	66	70	49	33	40	57	29	28	33	27	30	35	27	29	19	26	30	26	29	29	30	28	30	21	29	46	68	54	53	32	33	24	25	26	27	25	29	40	48	47	49	50	40	50	25	20	25	25	24	18	25	25	20	20	25	23	25	24	31	41	59	23	21	23	19	18	27	56	66	30	58	28	28	27	28	34	33	13	19	42	65	56	13	29	27	31	34	29	58	44	53	14	15	15	8	10	13	13	14	14	14	13	12	50	52	37	50	54	66	68	59	68	54	38	55	35	69	60	57	61	56	57	60	41	60	58	62	60	32	42	86	17	0	21	20	7	61	-1	28	12	31	19	0	24	0	23	0	15	21	14	12	4	8	59	62	11	17	33	25	2	28	27	8	35	6	55	47	17	37	19	29	10	54	65	0	153	-24	20	-24	0	0	0	2	0	20	0	18	27	0	0	0	1	0	18	0	3	0	0	5	1	3	0	0	0	-2	0	29	29	30	24	0	-1
1707251351	0	15	1	4	7	4	1	4	8	8	9	9	8	5	4	9	9	8	10	9	6	4	0	0	0	57	48	44	54	16	27	27	30	27	24	25	27	42	49	39	57	70	21	18	21	21	15	19	19	27	24	17	25	30	56	67	33	64	66	70	49	33	40	57	29	28	33	27	30	35	27	29	19	26	30	26	29	29	30	28	30	21	29	47	68	54	53	32	33	25	25	26	27	25	29	40	48	47	49	50	40	50	25	20	25	25	24	18	25	25	20	20	25	23	25	24	31	41	59	23	21	23	19	18	27	56	66	30	58	28	28	27	28	34	33	13	19	41	65	55	12	29	26	31	34	29	58	44	53	14	15	15	8	10	13	13	14	14	14	13	12	50	52	37	50	54	66	68	59	68	54	38	55	35	69	60	57	61	56	57	60	41	60	58	62	60	32	42	86	17	0	21	20	7	61	-1	28	11	31	19	0	24	0	23	0	14	21	15	12	4	8	59	62	11	17	33	25	2	28	27	7	35	5	55	47	17	38	19	28	10	54	65	0	150	-24	20	-24	0	0	0	1	0	21	0	18	27	0	0	0	1	0	18	0	3	0	0	5	1	3	0	0	0	-2	0	29	29	30	24	0	-1
1707251441	0	15	1	4	7	4	1	4	8	8	9	9	8	5	4	9	9	8	10	9	6	4	0	0	0	56	48	40	49	16	24	24	30	25	24	25	25	25	38	37	50	69	18	17	18	18	3	16	18	25	23	12	25	26	54	66	33	62	66	70	44	33	40	57	29	28	33	27	29	35	26	28	18	25	30	26	29	29	30	28	29	18	28	33	63	52	44	29	30	22	17	26	22	20	26	40	48	47	49	50	40	50	25	20	25	25	24	18	25	25	20	20	25	23	25	24	8	27	57	17	15	20	12	5	23	55	65	25	57	28	24	27	28	34	32	11	18	30	61	46	8	22	22	28	33	24	55	42	52	14	15	14	8	9	12	13	14	13	12	13	12	49	52	37	47	54	61	67	59	68	38	33	52	30	68	60	54	59	51	54	57	33	57	55	59	57	13	27	84	17	0	21	20	7	48	-1	27	0	9	2	0	6	0	5	0	0	17	13	6	0	6	39	52	0	7	27	8	0	25	24	6	34	3	6	27	0	6	12	15	4	44	13	0	148	-24	20	-24	0	0	0	0	0	21	0	18	27	0	0	0	1	0	14	0	1	0	0	2	1	0	0	0	0	-2	0	29	29	30	23	-1	-1
1707251521	0	15	1	4	7	4	1	4	8	8	9	9	8	5	4	9	9	8	10	9	6	4	0	0	0	54	48	36	47	15	22	23	30	22	24	24	25	15	31	35	45	69	12	15	17	14	2	16	17	23	22	11	24	22	52	65	33	60	65	70	43	33	40	57	29	28	33	26	29	35	25	27	17	24	30	26	29	29	30	27	29	17	28	26	60	51	41	29	28	21	16	25	18	17	24	40	48	47	49	50	40	50	25	20	25	25	24	18	25	25	20	20	25	23	25	24	0	16	55	14	11	17	11	3	15	54	64	24	54	28	21	27	28	33	32	9	18	15	60	38	2	13	19	27	33	19	55	42	52	14	15	14	8	9	12	13	14	13	12	13	12	49	52	35	46	54	57	67	59	67	22	22	48	24	67	59	48	58	47	51	56	13	56	54	54	55	3	20	84	17	0	21	20	7	44	-1	26	0	0	0	0	0	0	0	0	0	17	13	4	0	4	28	42	0	5	19	0	0	22	24	5	33	3	0	0	0	0	0	0	4	30	0	0	146	-24	20	-24	0	0	-5	0	0	20	0	18	27	0	0	0	1	0	12	0	0	0	0	2	1	0	0	0	0	-2	0	29	29	30	23	-1	-1
1707251605	0	15	1	4	7	4	1	4	8	8	9	9	8	5	4	9	9	8	10	9	6	4	0	0	0	52	47	27	44	9	20	21	28	19	24	24	25	0	24	32	38	69	7	15	13	15	0	14	17	18	20	8	19	17	49	63	32	57	65	70	39	31	40	56	29	28	33	26	29	34	24	25	15	23	30	25	29	29	29	24	29	15	26	7	56	49	38	24	26	15	11	24	17	14	19	40	48	47	49	50	40	50	25	20	25	25	24	18	25	25	20	20	25	23	25	24	0	0	50	9	9	11	9	2	10	54	64	19	53	25	20	27	28	31	32	9	18	0	59	22	0	0	10	26	33	12	54	40	50	14	15	14	8	9	11	13	12	13	11	12	12	47	52	32	44	54	41	62	58	67	8	5	40	20	67	57	46	50	43	45	47	2	48	47	49	48	0	20	84	17	0	21	20	7	40	-1	24	0	0	0	0	0	0	0	0	0	17	13	5	0	5	25	40	0	3	19	0	0	20	23	5	33	3	0	0	0	0	0	0	4	3	0	0	143	-24	20	-24	0	0	0	0	0	21	0	18	27	0	0	0	1	0	12	0	0	0	0	1	1	0	0	0	0	-2	0	29	29	30	23	-1	-1
1707251658	0	15	1	4	7	3	1	4	8	8	9	9	8	5	4	9	9	8	10	9	7	4	0	0	0	45	44	0	31	3	7	16	23	11	23	23	14	0	9	31	5	68	2	12	9	13	0	12	12	14	15	0	13	11	34	63	22	50	61	70	13	27	40	54	25	28	32	20	27	33	23	9	3	21	30	23	26	28	27	20	29	7	23	0	44	31	12	16	15	10	2	19	7	9	9	40	48	47	49	50	40	50	25	20	25	25	24	18	25	25	20	20	25	23	25	24	0	0	31	7	6	3	7	2	6	54	59	15	48	22	17	23	27	31	32	7	17	0	31	0	0	0	0	11	20	0	54	38	50	14	15	14	8	9	10	13	12	13	11	11	12	45	51	30	39	53	12	58	56	50	0	0	9	0	64	54	31	39	15	35	29	1	34	40	37	42	0	20	84	17	0	21	20	7	36	-1	25	0	0	0	0	0	0	0	0	0	17	13	5	0	5	24	40	0	4	19	0	0	19	22	4	33	3	0	0	0	0	0	0	3	0	0	0	140	-24	20	-24	0	0	0	0	0	22	0	19	27	0	0	0	1	0	12	0	0	0	0	0	0	1	0	0	0	-2	0	29	29	30	23	-1	-1
1707251727	0	15	1	4	7	3	1	4	8	8	9	9	8	5	4	9	9	8	10	9	7	4	0	0	0	45	44	0	31	3	7	16	23	11	23	23	14	0	10	31	4	68	2	12	9	13	0	12	12	14	15	0	13	11	34	63	21	50	62	70	13	27	40	54	25	28	32	20	27	33	23	10	3	21	30	23	25	28	27	20	29	7	23	0	44	30	11	16	15	10	2	18	6	9	9	40	48	47	49	50	40	50	25	20	25	25	24	18	25	25	20	20	25	23	25	24	1	0	30	7	6	3	7	1	7	54	59	15	48	22	17	23	27	31	32	7	17	0	30	1	0	0	0	12	18	1	54	37	50	14	15	14	8	9	10	13	12	13	11	10	12	45	51	30	39	53	12	57	56	50	0	0	7	0	64	53	31	40	14	32	29	1	33	40	37	42	0	20	84	17	0	21	20	7	36	-1	25	0	0	0	0	0	0	0	0	0	17	13	5	0	5	24	40	0	4	19	0	0	19	22	4	33	3	0	0	0	0	0	0	3	0	0	0	140	-24	20	-24	0	0	0	0	1	22	0	20	27	0	0	0	1	0	12	0	0	0	0	0	0	0	0	0	0	-2	0	29	29	30	23	-1	-1
1707251900	0	15	1	4	7	3	1	4	8	8	9	9	8	5	4	9	9	8	10	9	7	4	0	0	0	45	43	1	31	3	7	16	23	11	22	23	15	0	10	31	3	68	2	11	9	13	0	12	12	14	15	0	13	11	34	63	21	50	62	70	13	27	40	54	25	28	32	20	27	33	23	11	3	21	30	23	24	28	27	20	29	7	23	0	44	30	11	16	15	10	2	18	6	9	9	40	48	47	49	50	40	50	25	20	25	25	24	18	25	25	20	20	25	23	25	24	0	0	30	7	6	3	6	1	7	54	59	15	48	22	17	23	27	31	32	7	17	0	30	0	0	0	0	12	18	0	53	37	50	14	14	14	8	9	10	13	12	13	11	10	12	45	51	30	39	53	10	57	56	51	0	0	6	0	64	53	31	40	14	30	29	1	33	40	37	42	0	20	84	17	0	21	20	7	36	-1	25	0	0	0	0	0	0	0	0	0	17	13	5	0	5	24	40	0	4	19	0	0	19	22	6	33	3	0	0	0	0	0	0	4	0	0	0	136	-24	20	-24	0	0	0	0	0	22	0	20	27	0	0	0	1	0	10	0	0	0	0	0	0	0	0	0	0	-2	0	29	29	30	23	-1	-1
1707251927	0	15	1	4	7	3	1	4	8	8	9	9	8	5	4	9	9	8	10	9	7	4	0	0	0	45	43	0	31	3	7	16	23	11	23	22	14	0	10	31	3	68	2	11	9	13	0	12	12	14	15	0	13	11	34	63	21	50	62	70	13	27	40	54	25	28	32	20	27	33	23	11	3	21	30	23	24	28	27	20	29	7	23	0	44	30	11	16	15	10	2	18	6	9	9	40	48	47	49	50	40	50	25	20	25	25	24	18	25	25	20	20	25	23	25	24	0	0	30	7	6	3	6	1	7	54	59	14	49	22	17	23	27	31	32	7	17	0	30	0	0	0	0	12	18	0	53	37	50	14	14	14	8	9	10	13	12	13	11	10	12	45	51	30	39	53	9	58	56	52	0	0	6	0	64	52	31	40	14	30	29	1	33	40	37	42	0	20	84	17	0	21	20	7	36	-1	25	0	0	0	0	0	0	0	0	0	17	13	5	0	5	24	40	0	4	19	0	0	19	22	6	33	3	0	0	0	0	0	0	4	0	0	0	136	-24	20	-24	0	0	0	0	0	21	0	20	27	0	0	0	1	0	10	0	0	0	0	0	0	0	0	0	0	-2	0	29	29	30	23	-1	-1
1707252025	0	15	1	4	7	3	1	4	8	8	9	9	8	5	4	9	9	8	10	9	7	4	0	0	0	45	43	0	31	3	7	16	23	11	23	22	14	0	10	31	3	68	2	11	9	13	0	12	12	14	15	0	13	11	34	63	21	50	62	70	13	27	40	54	25	28	32	20	26	33	23	11	3	21	30	23	24	28	27	20	29	8	23	0	44	30	11	16	15	10	2	18	6	9	9	40	48	47	49	50	40	50	25	20	25	25	24	18	25	25	20	20	25	23	25	24	0	0	30	7	6	3	6	1	7	54	58	14	49	21	17	23	27	31	32	7	17	0	30	0	0	0	0	12	18	0	53	37	50	14	14	14	8	9	10	13	12	13	11	10	12	45	51	30	39	53	10	59	56	52	0	0	5	0	64	51	31	40	14	31	29	1	33	39	37	42	0	19	84	17	0	21	20	7	36	-1	25	0	0	0	0	0	0	0	0	0	17	13	5	0	5	24	40	0	4	19	0	0	19	22	6	33	3	0	0	0	0	0	0	4	0	0	0	135	-24	20	-24	0	0	0	0	0	21	0	20	27	0	0	0	1	0	11	0	0	0	0	0	0	0	0	0	0	-2	0	29	29	30	23	-1	-1
1707252100	0	15	1	4	7	3	1	4	8	8	9	9	8	5	4	9	9	8	10	9	7	4	0	0	0	45	43	0	31	3	7	16	23	11	23	22	14	0	10	31	3	68	2	11	9	13	0	12	12	14	15	0	13	11	34	63	21	50	62	70	13	27	40	54	25	28	32	20	26	33	23	11	3	21	30	23	24	28	27	20	29	8	23	0	44	30	11	16	15	10	2	18	6	9	9	40	48	47	49	50	40	50	25	20	25	25	24	18	25	25	20	20	25	23	25	24	0	0	30	7	6	3	6	1	7	54	58	14	49	21	17	23	27	31	32	7	17	0	30	0	0	0	0	12	18	0	53	37	50	14	14	14	8	9	10	13	12	13	11	10	12	45	51	30	39	53	10	59	56	52	0	0	4	0	64	51	31	40	14	31	29	1	32	39	37	42	0	19	82	17	0	21	20	7	36	-1	25	0	0	0	0	0	0	0	0	0	17	13	6	1	5	24	40	0	4	19	0	0	19	22	6	33	3	0	0	0	0	0	0	4	0	0	0	133	-24	20	-24	0	0	0	0	0	21	0	20	27	0	0	0	1	0	12	0	0	0	0	0	0	1	0	0	0	-2	0	29	29	30	23	-1	-1
1707252124	0	15	1	4	7	3	1	4	8	8	9	9	8	5	4	9	9	8	10	9	7	4	0	0	0	45	43	0	31	3	7	16	23	11	23	22	14	0	10	30	4	68	2	11	9	13	0	12	12	14	15	0	13	11	34	63	21	50	62	70	13	27	40	54	25	28	32	20	25	33	23	11	4	21	30	23	24	28	27	20	29	8	23	0	44	30	11	16	15	10	2	18	6	9	9	40	48	47	49	50	40	50	25	20	25	25	24	18	25	25	20	20	25	23	25	24	0	0	30	7	6	3	6	1	7	54	58	14	49	21	17	23	27	31	32	7	17	0	30	0	0	0	0	12	18	0	53	37	50	14	14	14	8	9	10	13	12	13	11	10	12	45	51	30	39	53	10	59	56	52	0	0	4	0	64	51	31	40	14	31	29	1	32	39	37	42	1	18	82	17	0	21	20	7	36	-1	25	0	0	0	0	0	0	0	0	0	17	13	6	1	5	24	40	0	4	19	0	0	19	22	6	33	3	0	0	0	0	0	0	4	0	0	0	133	-24	20	-24	0	0	0	0	0	21	0	20	27	0	0	0	1	0	12	0	0	0	0	0	0	1	0	0	0	-2	0	29	29	30	23	-1	-1
1707252143	0	15	1	4	7	3	1	4	8	8	9	9	8	5	4	9	9	8	10	9	7	4	0	0	0	45	43	0	31	3	7	16	23	11	23	22	14	0	10	30	4	68	2	11	9	13	0	12	12	14	15	0	13	11	34	63	21	50	62	70	13	27	40	54	25	28	32	20	25	33	23	11	4	21	30	23	24	28	27	20	29	8	23	0	44	30	11	16	15	10	2	18	6	9	9	40	48	47	49	50	40	50	25	20	25	25	24	18	25	25	20	20	25	23	25	24	0	0	30	7	6	3	6	1	7	54	58	14	49	21	17	23	27	31	32	7	17	0	30	0	0	0	0	12	18	0	53	37	50	14	14	14	8	9	10	13	12	13	11	10	12	45	51	30	39	53	10	59	56	52	0	0	4	0	64	51	31	40	14	31	29	1	32	39	37	42	0	19	82	17	0	21	20	7	36	-1	25	0	0	0	0	0	0	0	0	0	17	13	6	1	5	24	40	0	4	19	0	0	19	22	6	33	3	0	0	0	0	0	0	4	0	0	0	133	-24	20	-24	0	0	0	0	0	21	0	20	27	0	0	0	1	0	12	0	0	0	0	0	0	1	0	0	0	-2	0	29	29	30	23	-1	-1
1707252259	0	15	1	4	7	3	1	4	8	8	9	9	8	5	4	9	9	8	10	9	7	4	0	0	0	45	43	0	31	3	7	16	23	11	23	23	13	0	10	30	5	68	2	11	9	13	0	12	12	14	15	1	13	11	34	63	21	50	62	70	13	27	40	54	25	28	32	20	25	33	23	11	4	21	30	23	24	28	27	20	29	8	23	0	44	30	11	16	15	10	2	18	6	9	9	40	48	47	49	50	40	50	25	20	25	25	24	18	25	25	20	20	25	23	25	24	0	0	30	7	6	4	6	1	6	54	58	14	49	21	17	23	27	31	32	7	17	0	27	1	0	0	0	10	17	1	53	37	50	14	14	14	8	9	10	13	12	13	11	10	12	45	51	30	39	53	10	59	56	52	0	0	4	0	64	51	31	40	14	31	29	1	32	39	37	42	1	19	82	17	0	21	20	7	37	-1	25	0	0	0	0	0	0	0	0	0	17	13	6	1	5	24	40	0	4	19	0	0	19	22	6	33	3	0	0	0	0	0	0	3	0	0	0	130	-24	20	-24	0	0	0	0	0	21	0	20	27	0	0	0	1	0	12	0	0	0	0	1	0	1	0	0	0	-2	0	29	29	30	23	-1	-1
1707252332	0	15	1	4	7	3	1	4	8	8	9	9	8	5	4	9	9	8	10	9	7	4	0	0	0	45	43	0	31	3	7	16	23	11	23	23	13	0	10	30	5	68	2	11	9	13	0	12	12	14	15	1	13	11	34	63	21	50	62	70	13	27	40	54	25	28	32	20	25	33	23	11	4	21	30	23	24	28	27	20	29	8	23	0	44	30	11	16	15	10	2	18	6	9	9	40	48	47	49	50	40	50	25	20	25	25	24	18	25	25	20	20	25	23	25	24	0	0	30	7	6	4	6	1	6	54	58	14	49	21	17	23	27	31	32	7	17	0	27	1	0	0	0	10	17	1	53	37	50	14	14	14	8	9	10	13	12	13	11	10	12	45	51	30	39	53	9	59	56	53	0	0	4	0	64	51	31	40	15	31	29	0	32	39	37	42	1	19	82	17	0	21	20	7	36	-1	25	0	0	0	0	0	0	0	0	0	17	13	6	1	5	24	40	0	4	19	0	0	19	22	6	33	4	0	0	0	0	0	0	3	0	0	0	129	-24	20	-24	0	0	0	0	0	21	0	20	27	0	0	0	1	0	14	0	1	0	0	1	0	2	0	0	0	-2	0	29	29	30	23	-1	-1
1707260820	0	15	1	4	7	3	1	4	8	8	9	9	8	5	4	9	9	8	10	9	7	4	0	0	0	36	38	0	14	2	0	13	17	7	22	23	4	0	0	24	0	36	1	5	8	12	0	12	12	13	9	0	12	10	18	63	15	39	53	70	1	26	40	53	23	27	27	18	23	33	22	0	0	7	30	22	23	27	26	18	28	2	22	0	34	20	0	6	13	3	1	11	6	6	8	40	47	47	49	50	40	50	25	20	25	25	24	17	25	25	20	20	25	23	25	24	0	0	16	0	4	3	4	1	4	52	54	12	45	20	16	20	26	30	31	5	15	0	9	0	0	0	0	0	9	0	53	32	49	14	14	14	8	8	7	13	12	13	11	9	11	43	50	30	32	53	0	48	52	23	0	0	0	0	62	45	22	30	8	22	25	0	22	34	33	34	2	18	82	17	0	20	20	7	37	-1	25	0	0	0	0	0	0	0	0	0	17	13	6	1	5	22	40	0	3	18	1	0	19	21	6	33	3	0	0	0	0	0	0	3	0	0	0	129	-24	20	-24	0	0	0	0	0	21	0	20	27	0	0	0	1	0	14	0	1	0	0	1	0	3	0	0	0	-2	0	29	29	30	23	-1	-1
1707261009	0	15	1	4	7	3	1	4	8	8	9	9	8	5	4	9	9	8	10	9	7	4	0	0	0	4	8	0	0	0	0	0	0	0	12	0	0	0	0	19	0	21	0	3	5	8	0	10	10	11	5	0	12	10	0	46	0	0	0	68	0	0	30	2	12	17	2	0	15	11	0	0	0	0	23	0	1	20	12	0	25	0	8	0	22	2	0	1	5	0	0	5	6	0	7	37	46	35	48	45	37	48	22	19	24	23	20	15	25	23	19	18	24	17	23	24	0	0	8	0	4	0	1	0	3	46	15	0	25	10	0	7	20	24	17	0	8	0	2	0	0	0	0	0	2	0	48	12	49	13	14	11	0	2	5	13	12	13	10	5	11	30	45	16	16	52	0	4	34	0	0	0	0	0	43	20	7	14	0	6	10	0	4	24	26	10	2	18	82	17	0	20	20	7	37	-1	25	0	0	0	0	0	0	0	0	0	16	14	6	1	5	22	40	0	3	18	1	0	19	21	6	33	3	0	0	0	0	0	0	3	0	0	0	129	-24	20	-24	0	0	0	1	0	21	0	20	27	0	0	0	0	0	14	1	0	0	0	1	0	2	0	0	0	-2	0	29	29	30	23	-1	-1
1707261047	0	15	1	4	7	3	1	4	8	8	9	9	8	5	4	9	9	8	10	9	7	4	0	0	0	0	8	0	0	0	0	0	0	0	8	0	0	0	0	19	0	20	0	3	5	8	0	10	10	11	5	0	12	9	0	30	0	0	0	51	0	0	9	0	5	5	0	0	12	2	0	0	0	0	22	0	0	16	0	0	23	0	5	0	22	2	0	1	5	0	0	5	6	0	7	37	45	26	48	45	37	47	20	19	24	22	20	14	24	23	19	16	23	15	22	24	0	0	8	0	4	0	1	0	3	44	3	0	12	5	0	5	17	16	12	0	4	0	2	0	0	0	0	0	2	0	47	6	44	12	14	11	0	0	2	13	11	11	10	4	9	27	45	13	5	51	0	0	34	0	0	0	0	0	41	18	6	12	0	5	10	0	3	23	26	8	2	18	82	17	0	20	20	7	37	-1	25	0	0	0	0	0	0	0	0	0	16	14	6	1	5	22	39	0	3	18	0	0	19	21	6	33	3	0	0	0	0	0	0	3	0	0	0	129	-24	20	-24	0	0	0	1	0	21	0	20	27	0	0	0	0	0	14	0	0	0	0	1	0	2	1	0	0	-2	0	29	29	30	23	-1	-1
1707261116	0	15	1	4	7	3	1	4	8	8	9	9	8	5	4	9	9	8	10	9	7	4	0	0	0	0	8	0	0	0	0	0	0	0	8	0	0	0	0	19	0	21	0	3	5	8	1	10	10	11	5	0	12	9	0	21	0	0	0	46	0	0	0	0	1	1	0	0	10	0	1	0	0	0	21	0	0	6	0	0	23	0	4	0	22	2	0	1	5	0	0	5	6	0	7	37	43	19	49	44	37	47	19	19	24	21	20	13	23	22	19	14	22	15	22	23	0	0	8	0	4	0	1	0	3	44	0	0	1	3	0	4	14	12	11	0	1	0	2	0	0	0	0	0	2	0	36	0	43	9	9	10	0	0	0	13	12	11	8	0	7	23	45	8	0	50	0	0	32	0	0	0	0	0	40	13	4	10	0	5	10	0	1	23	25	7	2	18	82	17	0	20	20	7	36	-1	25	-1	0	0	0	0	0	0	-1	0	16	14	6	1	5	22	39	0	3	18	0	0	19	21	6	33	3	0	50	0	0	0	0	3	0	0	0	129	-24	20	-24	0	0	0	1	0	21	0	20	27	0	0	0	0	0	14	0	0	0	0	1	0	2	1	0	0	-2	0	29	29	30	23	-1	-1
1707261144	0	15	1	4	7	3	1	4	8	8	9	9	8	5	4	9	9	8	10	9	7	4	0	0	0	0	8	0	0	0	0	0	0	0	8	0	0	0	0	19	0	21	0	3	5	8	1	10	10	11	5	0	12	9	0	13	0	0	0	39	0	0	0	0	0	2	0	0	4	0	0	0	0	0	21	0	0	1	0	1	23	0	0	0	22	2	0	1	5	0	0	5	6	0	7	35	43	6	48	43	36	47	18	19	23	20	20	10	20	21	19	13	22	14	20	20	0	0	8	0	4	0	1	0	3	39	0	0	0	3	0	4	11	10	10	0	1	0	2	0	0	0	0	0	2	0	21	0	34	5	7	5	0	0	0	10	10	8	4	0	6	16	39	0	0	45	0	0	32	0	0	0	0	0	39	12	5	10	0	5	9	0	0	23	25	6	2	18	82	17	0	20	20	7	36	-1	25	-1	0	0	0	0	0	0	-1	0	16	14	6	1	5	22	39	0	3	18	0	0	19	21	6	33	3	0	30	0	0	0	0	3	0	0	0	129	-24	20	-24	0	0	0	1	0	21	0	20	27	0	0	0	0	0	14	0	0	0	0	1	0	2	1	0	0	-2	0	29	29	30	23	-1	-1
1707261213	0	15	1	4	7	3	1	4	8	8	9	9	8	5	4	9	9	8	10	9	7	4	0	0	0	0	8	0	0	0	0	0	0	0	8	0	0	0	0	19	0	21	0	3	5	8	1	10	10	11	5	0	12	9	0	13	0	0	0	36	0	0	0	0	0	1	0	0	3	0	0	0	0	0	21	0	0	1	0	0	23	0	0	0	22	2	0	1	5	0	0	5	6	0	7	35	43	6	48	43	36	47	18	19	23	20	20	10	21	21	19	12	22	13	20	20	-1	0	8	0	4	0	1	-1	3	36	0	0	0	3	0	4	11	9	7	0	2	0	1	0	0	0	0	0	1	0	20	0	34	4	8	3	0	0	0	10	10	8	5	0	6	11	41	0	0	45	0	0	29	0	0	0	0	0	39	14	7	10	0	5	8	0	0	21	25	6	2	18	82	17	0	20	20	7	36	-1	25	-1	0	0	0	0	0	0	-1	0	16	14	6	1	5	22	39	0	3	18	0	0	19	21	6	33	3	0	30	0	0	0	0	3	0	0	0	129	-24	20	-24	0	0	0	1	0	21	0	20	27	0	0	0	0	0	13	0	0	0	0	1	0	2	1	0	0	-2	0	29	29	30	23	-1	-1
1707261257	0	15	1	4	7	3	1	4	8	8	9	9	8	5	4	9	9	8	10	9	7	4	0	0	0	0	8	0	0	0	0	0	0	0	8	0	0	0	0	19	0	21	0	3	5	8	1	10	10	11	5	0	12	9	0	13	0	0	0	34	0	0	0	0	0	0	0	0	3	0	0	0	0	0	21	0	0	0	0	0	23	0	0	0	22	2	0	1	5	0	0	5	6	0	7	35	43	6	48	43	36	47	18	19	23	20	20	10	21	22	19	12	22	12	20	20	-5	-3	7	-1	1	-1	1	-4	3	37	0	0	0	3	0	4	12	9	7	0	2	0	1	0	0	0	0	0	1	0	21	0	33	4	8	4	0	0	0	10	10	7	5	0	6	11	41	0	0	45	0	0	29	0	0	0	0	0	39	13	6	10	0	5	8	0	0	21	25	6	2	18	82	17	0	20	20	7	36	-1	25	-1	0	0	0	0	0	0	-1	0	16	14	6	1	5	22	39	0	3	18	0	0	19	21	6	33	3	0	30	0	0	0	0	3	0	0	0	129	-24	20	-24	0	0	0	1	0	21	0	20	27	0	0	0	0	0	13	0	0	0	0	1	0	2	1	0	0	-2	0	29	29	30	23	-1	-1
1707261315	0	15	1	4	7	3	1	4	8	8	9	9	8	5	4	9	9	8	10	9	7	4	0	0	0	0	8	0	0	0	0	0	0	0	8	0	0	0	1	19	0	21	0	3	5	8	1	10	10	11	5	0	13	9	0	13	0	0	0	33	0	0	0	0	0	0	0	0	2	0	0	0	0	0	21	0	0	0	0	0	23	0	0	0	22	2	0	1	5	0	0	5	6	0	7	35	43	6	48	43	36	47	18	19	23	19	20	10	21	22	19	12	22	12	21	20	-5	-5	5	-1	-1	-1	0	-5	3	37	0	0	0	3	0	4	12	9	7	0	2	0	1	0	0	0	0	0	1	0	21	0	32	4	8	4	0	0	0	10	10	7	5	0	5	11	41	0	0	45	0	0	29	0	0	0	0	0	39	13	6	10	0	5	8	0	0	21	25	6	2	18	82	17	0	20	20	7	36	-1	25	-1	0	0	0	0	0	0	-1	0	16	14	6	1	5	22	39	0	3	18	0	0	19	21	6	33	3	0	30	0	0	0	0	3	0	0	0	129	-24	20	-24	0	0	0	1	0	21	0	20	27	0	0	0	0	0	13	0	0	0	0	1	0	2	1	0	0	-2	0	29	29	30	23	-1	-1
1707261354	0	15	1	4	7	3	1	4	8	8	9	9	8	5	4	9	9	8	10	9	7	4	0	0	0	0	8	0	0	0	0	0	0	0	8	0	0	0	0	18	0	21	0	2	5	8	0	10	10	11	5	0	13	9	0	13	0	0	0	33	0	0	0	0	0	1	0	0	1	0	0	0	0	0	21	0	0	0	0	0	23	0	0	0	23	2	0	1	4	0	0	6	6	0	8	35	43	6	48	43	36	47	18	19	23	19	20	10	21	22	19	12	22	12	21	20	-5	-5	3	-1	-1	-1	0	-5	1	37	0	0	0	3	0	4	12	9	7	0	2	0	1	0	0	0	0	0	1	0	20	0	34	4	8	4	0	0	0	10	10	8	4	0	6	11	41	0	0	45	0	0	29	0	0	0	0	0	38	12	5	9	0	5	8	0	0	21	25	6	2	18	82	17	0	20	20	7	36	-1	25	-1	0	0	0	0	0	0	-1	0	16	14	6	1	5	22	39	0	3	18	0	0	19	21	6	33	3	0	30	0	0	0	0	3	0	0	0	129	-24	20	-24	0	0	0	0	0	21	0	20	27	0	0	0	0	0	14	0	0	0	0	0	0	1	1	0	0	-2	0	29	29	30	23	-1	-1
1707261538	0	14	1	1	7	3	1	4	8	8	9	9	8	5	4	9	9	8	10	9	7	4	0	0	0	0	8	0	0	0	0	0	0	0	8	0	0	0	1	17	0	21	0	3	5	8	0	10	9	12	5	0	12	9	0	8	0	0	0	29	0	0	0	0	0	0	0	0	0	0	0	0	0	0	20	0	0	0	0	0	17	0	0	0	23	1	0	1	4	0	0	5	6	0	8	18	40	0	44	12	27	34	7	19	22	14	18	6	13	18	15	4	16	1	11	11	-5	-5	2	-1	-1	-1	0	-5	0	33	0	0	0	2	0	4	12	8	7	0	0	0	1	0	0	0	0	0	1	0	0	0	0	0	0	0	0	0	0	0	0	0	0	0	0	0	34	0	0	36	0	-4	25	0	0	0	0	0	36	12	4	6	0	5	8	0	0	18	24	4	2	18	82	17	0	20	20	7	36	-1	25	-1	0	0	0	0	0	0	-1	0	16	14	6	1	5	22	39	0	3	18	0	0	19	21	6	33	3	0	30	0	0	0	0	3	0	0	0	129	-24	20	-24	0	0	0	0	0	21	0	20	27	0	0	0	0	0	14	-1	0	-1	0	0	0	1	1	0	0	-2	0	29	29	30	23	-1	-1
1707261603	0	14	1	1	7	3	1	4	8	8	9	9	8	5	4	9	9	8	10	9	7	4	0	0	0	0	8	0	0	0	0	0	0	0	8	0	0	0	1	17	0	21	0	3	5	8	0	10	9	12	5	0	12	9	0	8	0	0	0	28	0	0	0	0	0	0	0	0	0	0	0	0	0	0	19	0	0	0	0	0	17	0	0	0	24	0	0	1	4	0	0	5	6	0	8	16	40	0	44	4	25	33	6	19	22	13	18	5	12	19	13	7	13	0	9	6	-5	-5	2	-1	-1	-1	0	-5	0	33	0	0	0	2	0	4	12	8	7	0	0	0	1	0	0	0	0	0	1	0	0	0	0	0	0	0	0	0	0	0	0	0	0	0	0	0	34	0	0	36	0	-4	25	0	0	0	0	0	36	11	3	6	0	5	8	0	0	18	24	4	2	18	82	17	0	20	20	7	36	-1	25	-1	0	0	0	0	0	0	-1	0	16	14	6	1	5	22	39	0	3	18	0	0	19	21	6	33	3	0	30	0	0	0	0	3	0	0	0	129	-24	20	-24	0	0	0	0	0	21	0	20	27	0	0	0	0	0	14	-1	0	-1	0	0	0	1	1	0	0	-2	0	29	29	30	23	-1	-1
1707261646	0	13	1	0	7	3	0	4	8	8	9	9	8	5	4	9	9	8	10	9	7	4	0	0	0	0	8	0	0	0	0	0	0	0	8	0	0	0	0	14	0	20	0	3	4	7	0	8	9	11	5	0	12	9	0	6	0	0	0	27	0	0	0	0	0	0	0	0	0	0	0	0	0	0	17	0	0	1	0	0	15	0	0	0	23	0	0	1	4	0	0	4	6	0	8	14	38	0	44	1	23	26	3	19	22	13	18	4	9	18	11	5	12	0	9	3	-5	-5	2	-1	-1	-1	0	-5	0	31	0	0	0	2	0	4	12	6	7	0	0	0	0	0	0	0	0	0	0	0	0	0	0	0	0	0	0	0	0	0	0	0	0	0	0	0	33	0	0	36	0	-4	26	0	0	0	0	0	34	4	1	5	0	4	7	0	0	17	21	5	0	16	79	17	0	20	20	7	34	-1	25	-1	0	0	0	0	0	0	-1	0	14	13	5	0	5	22	38	0	2	18	0	0	19	21	5	33	3	0	30	0	0	0	0	1	0	0	0	129	-24	20	-24	0	0	0	0	0	20	0	20	27	0	0	0	0	0	14	-1	0	-1	0	0	0	0	1	0	0	-2	0	29	29	30	23	-1	-1
1707261709	0	13	0	1	7	3	1	4	8	8	9	9	8	5	4	9	9	8	10	9	7	4	0	0	0	0	8	0	0	0	0	0	0	0	8	0	0	0	0	15	0	19	0	3	3	8	0	8	9	11	5	0	12	9	0	6	0	0	0	27	0	0	0	0	0	0	0	0	0	0	0	0	0	0	17	0	0	0	0	0	16	0	0	0	23	0	0	1	4	0	0	4	6	0	8	12	38	0	44	1	23	25	3	19	22	13	18	3	8	18	11	4	13	0	8	3	0	0	2	-1	-1	-1	0	-5	0	31	0	0	0	2	0	4	12	6	7	0	0	0	0	0	0	0	0	0	0	0	0	0	0	0	0	0	0	0	0	0	0	0	0	0	0	0	33	0	0	36	0	-4	26	0	0	0	0	0	33	4	1	5	0	4	7	0	0	16	21	5	0	16	79	17	0	20	20	7	34	-1	25	-1	0	0	0	0	0	0	-1	0	14	13	5	0	5	22	38	0	2	18	0	0	19	21	4	33	3	0	30	0	0	0	0	1	0	0	0	128	-24	20	-24	0	0	0	0	0	20	0	20	27	0	0	0	0	0	14	-1	0	-1	0	0	0	0	1	0	0	-2	0	29	29	30	23	-1	-1
1707261733	0	13	0	1	7	3	1	4	8	8	9	9	8	5	4	9	9	8	10	9	7	4	0	0	0	0	8	0	0	0	0	0	0	0	8	0	0	0	0	15	0	18	0	3	3	7	0	8	9	11	5	0	12	9	0	6	0	0	0	27	0	0	0	0	0	0	0	0	0	0	0	0	0	0	17	0	0	0	0	0	16	0	0	0	23	0	0	1	4	0	0	4	6	0	8	11	37	0	45	0	23	25	3	19	22	13	18	3	8	18	11	3	13	0	8	2	0	0	2	-1	-1	-1	0	-5	0	31	0	0	0	2	0	4	12	6	7	0	0	0	0	0	0	0	0	0	0	0	0	0	0	0	0	0	0	0	0	0	0	0	0	0	0	0	33	0	0	36	0	-4	26	0	0	0	0	0	33	4	1	5	0	4	7	0	0	16	21	5	0	16	79	17	0	20	20	7	34	-1	25	-1	0	0	0	0	0	0	-1	0	14	13	4	0	4	22	38	0	2	18	0	0	19	21	4	33	3	0	30	0	0	0	0	1	0	0	0	128	-24	20	-24	0	0	0	0	0	20	0	20	27	0	0	0	0	0	14	-1	0	-1	0	0	0	0	1	0	0	-2	0	29	29	30	23	-1	-1
1707261807	0	13	0	1	7	3	1	4	8	8	9	9	8	5	4	9	9	8	10	9	7	4	0	0	0	0	8	0	0	0	0	0	0	0	8	0	0	0	0	15	0	18	0	3	3	7	0	8	9	11	5	0	12	9	0	5	0	0	0	27	0	0	0	0	0	0	0	0	0	0	0	0	0	0	17	0	0	0	0	0	15	0	0	0	23	0	0	1	4	0	0	4	6	0	8	11	37	0	45	0	23	25	3	19	22	14	18	3	7	18	11	3	13	0	8	2	0	0	2	-1	-1	-1	0	-5	0	31	0	0	0	2	0	4	12	6	7	0	0	0	0	0	0	0	0	0	0	0	0	0	0	0	0	0	0	0	0	0	0	0	0	0	0	0	33	0	0	36	0	-4	26	0	0	0	0	0	33	4	1	5	0	4	7	0	0	16	21	5	0	15	79	17	0	20	20	7	34	-1	25	-1	0	0	0	0	0	0	-1	0	14	13	4	0	4	22	38	0	2	18	0	0	19	21	4	33	3	0	30	0	0	0	0	1	0	0	0	128	-24	20	-24	0	0	0	0	0	20	0	20	27	0	0	0	0	0	14	-1	0	-1	0	0	0	0	1	0	0	-2	0	29	29	30	23	-1	-1
1707261822	0	13	0	1	7	3	1	4	8	8	9	9	8	5	4	9	9	8	10	9	7	4	0	0	0	0	8	0	0	0	0	0	0	0	8	0	0	0	0	15	0	18	0	3	3	7	0	8	9	11	5	0	12	9	0	5	0	0	0	27	0	0	0	0	0	0	0	0	0	0	0	0	0	0	17	0	0	0	0	0	15	0	0	0	23	0	0	1	4	0	0	4	6	0	8	11	37	0	45	0	23	25	3	19	22	14	18	3	7	18	11	3	13	0	8	2	0	0	2	-1	-1	-1	0	-5	0	31	0	0	0	2	0	4	12	6	7	0	0	0	0	0	0	0	0	0	0	0	0	0	0	0	0	0	0	0	0	0	0	0	0	0	0	0	33	0	0	36	0	-4	26	0	0	0	0	0	33	3	0	5	0	4	7	0	0	16	21	5	0	15	79	17	0	20	20	7	34	-1	25	-1	0	0	0	0	0	0	-1	0	14	13	4	0	4	22	38	0	2	18	0	0	19	21	4	33	3	0	30	0	0	0	0	1	0	0	0	128	-24	20	-24	0	0	0	0	0	20	0	20	27	0	0	0	0	0	14	-1	0	-1	0	0	0	0	1	0	0	-2	0	29	29	30	23	-1	-1
1707261842	0	13	0	1	7	3	1	4	8	8	9	9	8	5	4	9	9	8	10	9	7	4	0	0	0	0	8	0	0	0	0	0	0	0	8	0	0	0	0	15	0	18	0	3	3	7	0	8	9	11	5	0	12	9	0	5	0	0	0	27	0	0	0	0	0	0	0	0	0	0	0	0	0	0	17	0	0	0	0	0	15	0	0	0	23	0	0	1	4	0	0	4	6	0	8	11	37	0	45	0	23	25	3	19	22	14	18	3	7	18	11	3	13	0	8	2	0	0	2	-1	-1	-1	0	-5	0	31	0	0	0	2	0	4	12	6	7	0	0	0	0	0	0	0	0	0	0	0	0	0	0	0	0	0	0	0	0	0	0	0	0	0	0	0	33	0	0	36	0	-4	26	0	0	0	0	0	33	3	0	5	0	4	7	0	0	16	21	5	0	15	79	17	0	20	20	7	34	-1	25	-1	0	0	0	0	0	0	-1	0	14	13	4	0	4	22	38	0	2	18	0	0	19	21	4	33	3	0	30	0	0	0	0	1	0	0	0	128	-24	20	-24	0	0	0	0	0	20	0	20	27	0	0	0	0	0	14	-1	0	-1	0	0	0	0	1	0	0	-2	0	29	29	30	23	-1	-1
1707261903	0	13	0	1	7	3	1	4	8	8	9	9	8	5	4	9	9	8	10	9	7	4	0	0	0	0	8	0	0	0	0	0	0	0	8	0	0	0	0	15	0	18	0	3	3	7	0	8	9	11	5	0	12	9	0	5	0	0	0	27	0	0	0	0	0	0	0	0	0	0	0	0	0	0	17	0	0	0	0	0	15	0	0	0	23	0	0	1	4	0	0	4	6	0	8	11	37	0	45	0	23	25	2	19	22	14	18	3	8	18	11	3	13	0	8	2	0	0	2	-1	-1	-1	0	-5	0	31	0	0	0	2	0	4	12	6	7	0	0	0	0	0	0	0	0	0	0	0	0	0	0	0	0	0	0	0	0	0	0	0	0	0	0	0	33	0	0	36	0	-4	26	0	0	0	0	0	33	2	0	5	0	4	7	0	0	15	21	5	0	15	79	17	0	20	20	7	34	-1	25	-1	0	0	0	0	0	0	-1	0	14	13	4	0	4	22	38	0	2	18	0	0	19	21	4	33	3	0	30	0	0	0	0	1	0	0	0	128	-24	20	-24	0	0	0	0	0	20	0	20	27	0	0	0	0	0	14	-1	0	-1	0	0	0	0	1	0	0	-2	0	29	29	30	23	-1	-1
1707261944	0	13	0	1	7	3	1	4	8	8	9	9	8	5	4	9	9	8	10	9	7	4	0	0	0	0	8	0	0	0	0	0	0	0	8	0	0	0	0	15	0	17	0	3	3	7	0	8	9	10	5	0	12	9	0	5	0	0	0	27	0	0	0	0	0	0	0	0	0	0	0	0	0	0	17	0	0	0	0	0	15	0	0	0	22	0	0	1	4	0	0	4	5	0	8	11	37	0	45	0	23	25	2	19	22	14	18	3	8	18	11	3	13	0	8	2	0	0	2	-1	-1	-1	0	-5	0	31	0	0	0	2	0	4	12	6	7	0	0	0	0	0	0	0	0	0	0	0	0	0	0	0	0	0	0	0	0	0	0	0	0	0	0	0	33	0	0	36	0	-4	26	0	0	0	0	0	32	2	0	5	0	3	7	0	0	16	20	5	0	15	79	17	0	20	20	7	33	-1	25	-1	0	0	0	0	0	0	-1	0	14	13	4	0	4	22	38	0	2	18	0	0	19	21	4	33	3	0	30	0	0	0	0	1	0	0	0	128	-24	20	-24	0	0	0	0	0	20	0	20	27	0	0	0	0	0	14	-1	0	-1	0	0	0	0	1	0	0	-2	0	29	29	30	23	-1	-1
1707262004	0	13	0	1	7	3	1	4	8	8	9	9	8	5	4	9	9	8	10	9	7	4	0	0	0	0	8	0	0	0	0	0	0	0	8	0	0	0	0	15	0	17	0	3	3	7	0	8	9	10	5	0	12	9	0	5	0	0	0	27	0	0	0	0	0	0	0	0	0	0	0	0	0	0	17	0	0	0	0	0	15	0	0	0	22	0	0	1	4	0	0	4	5	0	8	11	37	0	45	0	23	25	2	19	22	14	18	3	8	18	11	3	13	0	8	2	0	0	2	-1	-1	-1	0	-5	0	31	0	0	0	2	0	4	12	6	7	0	0	0	0	0	0	0	0	0	0	0	0	0	0	0	0	0	0	0	0	0	0	0	0	0	0	0	33	0	0	36	0	-4	26	0	0	0	0	0	32	1	0	5	0	3	7	0	0	15	20	5	0	15	79	17	0	20	20	7	33	-1	25	-1	0	0	0	0	0	0	-1	0	14	13	4	0	4	22	38	0	2	18	0	0	19	21	4	33	3	0	30	0	0	0	0	1	0	0	0	128	-24	20	-24	0	0	0	0	0	20	0	20	27	0	0	0	0	0	14	-1	0	-1	0	0	0	0	1	0	0	-2	0	29	29	30	23	-1	-1
1707262107	0	13	0	1	7	3	1	4	8	8	9	9	8	5	4	9	9	8	10	9	7	4	0	0	0	0	8	0	0	0	0	0	0	0	8	0	0	0	0	15	0	17	0	3	3	7	0	8	9	10	5	0	12	9	0	4	0	0	0	27	0	0	0	0	0	0	0	0	0	0	0	0	0	0	16	0	0	0	0	0	15	0	0	0	22	0	0	1	4	0	0	4	5	0	8	11	37	0	45	0	24	24	2	19	22	14	18	3	9	18	10	3	13	0	8	2	0	0	2	-1	-1	-1	0	-5	0	31	0	0	0	2	0	4	12	6	7	0	0	0	0	0	0	0	0	0	0	0	0	0	0	0	0	0	0	0	0	0	0	0	0	0	0	0	33	0	0	36	0	-4	26	0	0	0	0	0	32	1	0	5	0	3	7	0	0	15	20	5	0	15	79	17	0	20	20	7	33	-1	25	-1	0	0	0	0	0	0	-1	0	14	13	4	0	4	22	38	0	2	18	0	0	19	21	4	33	3	0	30	0	0	0	0	1	0	0	0	128	-24	20	-24	0	0	0	0	0	20	0	20	27	0	0	0	0	0	14	-1	0	-1	0	0	0	0	1	0	0	-2	0	29	29	30	23	-1	-1
1707262125	0	13	0	1	7	3	1	4	8	8	9	9	8	5	4	9	9	8	10	9	7	4	0	0	0	0	8	0	0	0	0	0	0	0	8	0	0	0	0	15	0	17	0	3	3	7	0	8	9	10	5	0	12	9	0	4	0	0	0	27	0	0	0	0	0	0	0	0	0	0	0	0	0	0	16	0	0	0	0	0	15	0	0	0	22	0	0	1	4	0	0	4	5	0	8	11	37	0	45	0	24	24	2	19	22	14	18	3	9	18	10	3	13	0	8	2	0	0	2	-1	-1	-1	0	-5	0	31	0	0	0	2	0	4	12	6	7	0	0	0	0	0	0	0	0	0	0	0	0	0	0	0	0	0	0	0	0	0	0	0	0	0	0	0	33	0	0	36	0	-4	26	0	0	0	0	0	32	1	0	5	0	3	7	0	0	15	20	5	0	15	79	17	0	20	20	7	33	-1	25	-1	0	0	0	0	0	0	-1	0	14	13	4	0	4	22	38	0	2	18	0	0	19	21	4	33	3	0	30	0	0	0	0	1	0	0	0	128	-24	20	-24	0	0	0	0	0	20	0	20	27	0	0	0	0	0	14	-1	0	-1	0	0	0	0	1	0	0	-2	0	29	29	30	23	-1	-1
1707262142	0	13	0	1	7	3	1	4	8	8	9	9	8	5	4	9	9	8	10	9	7	4	0	0	0	0	8	0	0	0	0	0	0	0	8	0	0	0	0	15	0	17	0	3	3	7	0	8	9	10	5	0	12	9	0	4	0	0	0	27	0	0	0	0	0	0	0	0	0	0	0	0	0	0	16	0	0	0	0	0	15	0	0	0	22	0	0	1	4	0	0	4	5	0	8	11	37	0	45	0	24	24	2	19	22	14	18	3	9	18	10	3	13	0	8	2	0	0	2	-1	-1	-1	0	-5	0	31	0	0	0	2	0	4	12	6	7	0	0	0	0	0	0	0	0	0	0	0	0	0	0	0	0	0	0	0	0	0	0	0	0	0	0	0	33	0	0	36	0	-4	26	0	0	0	0	0	32	1	0	5	0	3	7	0	0	15	20	5	0	15	79	17	0	20	20	7	33	-1	25	-1	0	0	0	0	0	0	-1	0	14	13	4	0	4	22	38	0	2	18	0	0	19	21	4	33	3	0	30	0	0	0	0	1	0	0	0	128	-24	20	-24	0	0	0	0	0	20	0	20	27	0	0	0	0	0	14	-1	0	-1	0	0	0	0	1	0	0	-2	0	29	29	30	23	-1	-1
1707262337	0	13	0	1	7	3	1	4	8	8	9	9	8	5	4	9	9	8	10	9	7	4	0	0	0	0	8	0	0	0	0	0	0	0	8	0	0	0	0	15	0	17	0	3	3	7	0	8	9	10	5	0	12	9	0	3	0	0	0	28	0	0	0	0	0	1	1	0	0	0	0	0	0	0	15	0	0	0	0	0	14	0	0	0	22	0	0	1	4	0	0	4	5	0	8	9	37	0	45	0	25	24	2	19	22	14	18	3	8	18	11	3	13	0	8	1	0	0	2	-1	-1	-1	0	-5	0	31	0	0	0	1	0	4	12	6	8	0	0	0	0	0	0	0	0	0	0	0	0	0	1	0	0	0	0	0	0	0	0	1	0	0	0	0	33	0	0	36	0	-4	26	0	0	0	0	0	32	1	0	5	0	3	7	0	0	15	20	5	0	15	79	17	0	20	20	7	33	-1	25	-1	0	0	0	0	0	0	-1	0	14	13	4	0	4	22	38	0	2	18	0	0	19	21	4	33	3	0	30	0	0	0	0	1	0	0	0	128	-24	20	-24	0	0	0	0	0	20	0	20	27	0	0	0	0	0	14	-1	0	-1	0	0	0	0	1	0	0	-2	0	29	29	30	23	-1	-1
1707270001	0	13	0	1	7	3	1	4	8	8	9	9	8	5	4	9	9	8	10	9	7	4	0	0	0	0	8	0	0	0	0	0	0	0	8	0	0	0	0	15	0	17	0	3	3	7	0	8	9	10	5	0	12	9	0	3	0	0	0	28	0	0	0	0	0	1	1	0	0	0	0	0	0	0	15	0	0	0	0	0	14	0	0	0	22	0	0	1	4	0	0	4	5	0	8	9	37	0	45	0	25	24	2	19	22	14	18	3	8	18	11	3	13	0	8	1	0	0	2	-1	-1	-1	0	-5	0	31	0	0	0	1	0	4	12	6	8	0	0	0	0	0	0	0	0	0	0	0	0	0	0	0	0	0	0	0	0	0	0	0	0	0	0	0	33	0	0	36	0	-4	26	0	0	0	0	0	32	1	0	5	0	3	7	0	0	15	20	5	0	15	79	17	0	20	20	7	33	-1	25	-1	0	0	0	0	0	0	-1	0	14	13	4	0	4	22	38	0	2	18	0	0	19	21	4	33	3	0	30	0	0	0	0	1	0	0	0	128	-24	20	-24	0	0	0	0	0	20	0	20	27	0	0	0	0	0	14	-1	0	-1	0	0	0	0	1	0	0	-2	0	29	29	30	23	-1	-1
1707270737	0	13	0	1	7	3	1	4	8	8	9	9	8	5	4	9	9	8	10	9	7	4	0	0	0	0	8	0	0	0	0	0	0	0	8	0	0	0	0	15	0	18	0	4	3	7	0	8	9	10	5	0	12	9	0	3	0	0	0	28	0	0	0	0	0	1	0	0	0	0	0	0	0	0	15	0	0	0	0	0	15	0	0	0	22	1	0	1	4	0	0	5	5	0	8	9	37	0	45	0	25	24	2	19	22	14	18	3	8	18	11	3	13	0	8	1	0	0	2	-1	-1	-1	0	-5	0	31	0	0	0	1	0	4	12	6	8	0	0	-1	0	0	-1	0	0	0	0	0	0	0	0	0	0	0	0	0	0	0	0	0	0	0	0	0	33	0	0	36	0	-4	26	0	0	0	0	0	31	0	0	5	0	2	7	0	0	15	19	5	0	15	79	17	0	20	20	7	33	-1	25	-1	0	0	0	0	0	0	-1	0	14	13	4	0	4	22	38	0	2	18	0	0	19	21	4	33	3	0	30	0	0	0	0	1	0	0	0	128	-24	20	-24	0	0	0	0	0	20	0	20	27	0	0	0	0	0	14	-1	0	-1	0	0	0	0	1	0	0	-2	0	29	29	30	23	-1	-1
1707270816	0	13	0	1	7	3	1	2	8	8	9	9	8	5	4	9	9	8	10	9	7	4	0	0	0	0	8	0	0	0	0	0	0	0	8	0	0	0	0	15	0	18	0	4	3	7	0	8	9	10	5	0	12	9	0	3	0	0	0	28	0	0	0	0	0	1	0	0	0	0	0	0	0	0	15	0	0	0	0	0	15	0	0	0	22	1	0	1	4	0	0	5	5	0	8	9	37	0	45	0	25	24	2	19	22	14	18	3	8	18	11	3	13	0	7	2	-2	0	2	-1	-1	-1	-1	-5	-1	31	0	0	0	1	0	4	12	6	8	0	0	-1	0	0	-1	0	0	0	0	0	0	0	0	0	0	0	0	0	0	0	0	0	0	0	0	0	33	0	0	36	0	-4	26	0	0	0	0	0	31	0	0	5	0	2	7	0	0	15	19	5	0	15	79	17	0	20	20	7	33	-1	25	-1	0	0	0	0	0	0	-1	0	14	13	4	0	4	22	38	0	2	18	0	0	19	21	4	33	3	0	30	0	0	0	0	1	0	0	0	128	-24	20	-24	0	0	0	0	0	20	0	20	27	0	0	0	0	0	14	-1	0	-1	0	0	0	0	1	0	0	-2	0	29	29	30	23	-1	-1
1707270840	0	13	0	1	7	3	1	2	8	8	9	9	8	5	4	9	9	8	10	9	7	4	0	0	0	0	8	0	0	0	0	0	0	0	8	0	0	0	0	15	0	18	0	4	3	7	0	8	9	10	5	0	12	9	-3	3	0	0	0	27	0	0	0	0	0	1	-1	0	0	0	0	0	0	-1	14	0	0	0	-1	0	15	0	0	0	22	1	0	1	4	0	0	5	5	0	8	9	37	0	45	0	25	24	2	18	22	14	18	3	8	18	11	3	13	0	7	3	-2	0	2	-1	-1	-1	-1	-5	-1	31	0	0	0	1	0	4	12	6	8	0	0	-1	0	0	-1	0	0	0	0	0	0	0	0	0	0	0	0	0	0	0	0	0	0	0	0	0	33	0	0	36	0	-4	26	0	0	0	0	0	31	0	0	5	0	2	7	0	0	15	19	5	0	15	79	17	0	20	20	7	33	-1	25	-1	0	0	0	0	0	0	-1	0	14	13	4	0	4	22	38	0	2	18	0	0	19	21	4	33	3	0	30	0	0	0	0	1	0	0	0	128	-24	20	-24	0	0	0	0	0	20	0	20	27	0	0	0	0	0	14	0	0	-1	0	0	-1	0	1	0	0	-2	0	29	29	30	23	-1	-1
1707270903	0	13	0	1	7	3	1	2	8	8	9	9	8	5	4	9	9	8	10	9	7	4	0	0	0	0	8	0	0	0	0	0	0	0	8	0	0	0	0	15	0	18	0	4	3	7	0	8	9	10	5	0	12	9	-8	3	0	1	0	27	0	0	0	0	0	0	-1	0	-1	0	0	0	-1	-1	14	0	0	0	-2	0	15	0	0	0	22	1	0	1	4	0	0	5	5	0	8	9	37	0	45	0	25	24	2	19	21	14	18	3	8	18	11	3	13	0	7	3	0	0	2	-1	-1	-1	-1	-5	-1	30	0	0	0	1	0	3	12	6	8	0	0	-1	0	0	-1	0	0	0	0	0	0	0	0	0	0	0	0	0	0	0	0	0	0	0	0	0	33	0	0	36	0	-4	26	0	0	0	0	0	31	0	0	5	0	2	7	0	0	15	19	5	0	15	79	17	0	20	20	7	33	-1	25	-1	0	0	0	0	0	0	-1	0	14	13	4	0	4	22	38	0	2	18	0	0	19	21	4	33	3	0	30	0	0	0	0	1	0	0	0	128	-24	20	-24	0	0	0	0	0	20	0	20	27	0	0	0	0	0	14	0	0	-1	0	0	-2	0	0	0	0	-2	0	29	29	30	23	-1	-1
1707271009	0	12	0	1	7	3	1	2	8	8	9	9	8	5	4	9	9	8	10	9	7	4	0	0	0	-2	8	0	0	0	0	0	0	0	6	0	0	0	0	15	0	17	0	4	3	7	0	8	8	10	5	0	12	9	0	1	0	0	0	27	0	0	0	0	0	-1	-3	0	-1	0	0	0	-1	-1	13	0	0	0	-2	0	14	-1	0	0	22	1	0	1	4	0	0	5	5	0	8	9	37	0	45	1	24	23	2	19	21	14	18	3	9	18	11	3	13	0	5	3	0	0	2	-1	-1	-1	-1	-5	-1	29	0	0	0	1	0	3	12	6	7	0	0	-1	0	0	-1	0	0	0	0	0	1	0	0	1	0	0	0	0	0	0	0	0	0	0	0	0	33	0	0	36	0	-4	25	0	0	0	0	0	31	0	0	5	0	1	7	0	0	15	19	5	0	15	79	17	0	20	20	7	33	-1	25	-1	0	0	0	0	0	0	-1	0	12	13	4	0	4	22	38	0	2	18	0	0	19	21	4	33	3	0	30	0	0	0	0	1	0	0	0	125	-24	20	-24	0	0	0	1	0	20	0	20	26	0	0	0	0	0	14	0	0	-1	0	0	-2	0	1	0	0	-2	0	29	29	30	23	-1	-1
1707271027	0	12	0	1	7	3	1	2	8	8	9	9	8	5	4	9	9	8	10	9	7	4	0	0	0	-3	8	0	0	-1	0	0	0	0	6	0	0	0	0	15	0	17	0	4	3	7	0	8	8	10	5	0	12	9	0	1	-5	0	-1	30	0	0	0	0	0	-1	-3	0	-1	0	-1	0	-1	-1	14	0	0	0	-2	0	13	-1	-2	0	22	1	0	1	4	0	0	5	5	0	8	7	37	0	45	1	26	23	2	19	21	14	18	3	9	18	11	3	13	0	5	3	0	0	2	-1	-1	-1	-1	-5	-1	29	0	0	0	1	0	3	12	6	7	0	0	-1	0	0	-1	0	0	0	0	0	0	0	0	0	0	0	0	0	0	0	0	0	0	0	0	0	33	0	0	36	0	-4	25	0	0	0	0	0	31	0	0	5	0	1	7	0	0	15	19	5	0	15	79	17	0	20	20	7	33	-1	25	-1	0	0	0	0	0	0	-1	0	12	13	4	0	4	22	38	0	2	18	0	0	19	21	4	33	2	0	30	0	0	0	0	0	0	0	0	125	-24	20	-24	0	0	0	1	0	20	0	20	26	0	0	0	0	0	14	0	0	-1	0	0	-1	0	1	0	0	-2	0	29	29	30	23	-1	-1
1707271053	0	12	0	1	7	3	1	2	8	8	9	9	8	5	4	9	9	8	10	9	7	4	0	0	0	-6	7	0	0	-1	-1	0	-1	0	5	-1	0	0	0	15	0	17	0	4	3	7	0	8	8	10	5	0	12	9	0	0	-5	1	-3	29	-2	0	0	0	0	-1	-3	0	-2	-1	-1	0	-3	-1	13	0	0	0	-2	0	13	-1	-2	0	22	1	0	1	4	0	0	5	5	0	8	8	37	0	45	2	26	21	2	19	21	14	18	2	9	18	11	3	13	0	5	4	0	0	2	-1	-1	-1	-1	-5	-1	29	0	0	0	1	0	3	12	6	7	0	0	-1	0	0	-1	0	0	0	0	0	0	0	0	0	0	0	0	0	0	0	0	0	0	0	0	0	33	0	0	36	0	-4	26	0	0	0	0	0	31	0	0	5	0	2	7	0	0	15	19	5	0	15	79	17	0	20	20	7	33	-1	25	-1	0	0	0	0	0	0	-1	0	12	13	4	0	4	22	38	0	2	18	0	0	19	21	4	29	2	0	30	0	0	0	0	0	0	0	0	125	-24	20	-24	0	0	0	1	0	20	0	20	26	0	0	0	0	0	14	0	0	-1	0	0	-1	0	1	0	0	-2	0	29	29	30	23	-1	-1
1707271136	0	12	0	1	7	3	1	2	8	8	9	9	8	5	4	9	9	8	10	9	7	4	0	0	0	-6	1	0	0	-1	-2	-1	-3	-1	5	-2	0	0	0	15	0	17	0	4	3	7	0	8	8	10	5	0	12	9	0	0	-5	0	-1	29	-15	-1	0	0	0	-1	-3	0	-3	-1	-4	-1	-3	-1	10	-1	-1	-1	-2	-2	13	-1	-2	0	22	1	0	1	4	0	0	5	5	0	8	8	37	0	45	2	26	20	2	19	20	13	18	2	9	18	11	3	13	0	5	5	0	0	2	-1	-1	-1	-1	-5	-1	30	0	0	0	2	0	3	11	6	8	0	0	-1	0	0	-1	0	0	0	0	0	0	0	0	0	0	0	0	0	0	0	0	0	0	0	0	0	33	0	0	36	0	-4	26	0	0	0	0	0	31	0	0	5	0	2	7	0	0	15	19	5	0	15	79	17	0	20	20	7	33	-1	25	-1	0	0	0	0	0	0	-1	0	12	13	3	0	3	22	38	0	2	18	0	0	19	21	4	29	2	0	30	0	0	0	0	0	0	0	0	125	-23	20	-24	0	0	0	1	0	20	0	20	26	0	0	0	0	0	14	0	0	-1	0	0	-1	0	1	0	0	-2	0	29	29	30	23	-1	-1
1707271218	0	12	0	1	7	3	1	2	8	8	9	9	8	5	4	9	9	8	10	9	7	4	0	0	0	0	0	0	0	0	0	0	0	0	5	0	0	0	0	15	0	17	0	4	3	7	0	8	8	10	5	0	12	9	0	0	0	0	0	29	0	0	0	0	0	0	0	0	0	0	-4	-1	-3	-1	10	-1	-1	-1	-2	-2	13	-1	-2	0	22	1	0	1	4	0	0	5	5	0	8	8	37	0	45	2	26	20	2	19	20	13	18	2	9	18	11	3	14	0	5	4	0	0	2	-1	-1	-1	-1	-5	-1	30	0	0	0	1	0	3	11	7	8	0	0	-1	0	0	-1	0	0	0	0	0	0	0	0	0	0	0	0	0	0	0	0	0	0	0	0	0	33	0	0	36	0	-4	26	0	0	0	0	0	31	0	0	5	0	2	7	0	0	15	19	5	0	14	79	17	0	20	20	7	33	-1	25	-1	0	0	0	0	0	0	-1	0	12	13	3	0	3	22	38	0	2	18	0	0	19	21	4	29	2	0	30	0	0	0	0	0	0	0	0	125	-23	20	-24	0	0	0	1	0	20	0	20	26	0	0	0	0	0	14	0	0	-1	0	0	-1	0	1	0	0	-2	0	29	29	30	23	-1	-1
1707271250	0	12	0	1	7	3	1	2	8	8	9	9	8	5	4	9	9	8	10	9	7	4	0	0	0	0	0	0	0	0	0	0	0	0	5	0	0	0	0	15	0	17	0	4	3	7	0	8	8	10	5	0	12	9	0	0	0	0	0	29	0	0	0	0	0	0	0	0	0	0	0	0	0	0	10	0	0	0	0	0	13	0	0	0	22	1	0	1	4	0	0	5	5	0	8	8	37	0	45	2	26	20	2	19	20	13	18	2	9	18	11	3	14	0	5	4	0	0	2	0	0	0	0	0	0	30	0	0	0	1	0	3	11	7	8	0	0	0	0	0	0	0	0	0	0	0	0	0	0	0	0	0	0	0	0	0	0	0	0	0	0	0	33	0	0	36	0	0	26	0	0	0	0	0	31	0	0	5	0	2	7	0	0	15	19	5	0	14	79	17	0	20	20	7	33	-1	25	0	0	0	0	0	0	0	0	0	12	13	3	0	3	22	38	0	2	18	0	0	19	21	4	29	2	-1	30	-1	0	0	0	0	0	-1	0	125	-23	20	-24	0	0	0	1	0	20	0	20	25	0	0	0	0	0	14	0	0	-1	0	0	-1	0	1	0	0	-2	0	29	29	30	23	-1	-1
1707271309	0	12	0	1	7	3	1	2	8	8	9	9	8	5	4	9	9	8	10	9	7	4	0	0	0	0	0	0	0	0	0	0	0	0	5	0	0	0	0	15	0	17	0	4	3	7	0	8	8	10	5	0	12	9	0	0	0	0	0	29	0	0	0	0	0	0	0	0	0	0	0	0	0	0	10	0	0	0	0	0	13	0	0	0	22	1	0	1	4	0	0	5	5	0	8	8	37	0	45	2	26	20	2	19	20	13	18	2	9	18	11	3	14	0	5	4	0	0	2	0	0	0	0	0	0	30	0	0	0	1	0	3	11	7	8	0	0	0	0	0	0	0	0	0	0	0	0	0	0	0	0	0	0	0	0	0	0	0	0	0	0	0	33	0	0	36	0	0	26	0	0	0	0	0	31	0	0	5	0	2	7	0	0	15	19	5	0	14	79	17	0	20	20	7	33	-1	25	0	0	0	0	0	0	0	0	0	12	13	3	0	3	22	38	0	2	18	0	0	19	21	4	29	2	-1	30	-1	0	0	0	0	0	-1	0	125	-23	20	-24	0	0	0	1	0	20	0	20	25	0	0	0	0	0	14	0	0	-1	0	0	-1	0	1	0	0	-2	0	29	29	30	23	-1	-1
1707271338	0	12	0	1	7	3	1	2	8	8	9	9	8	5	4	9	9	8	10	9	7	4	0	0	0	0	0	0	0	0	0	0	0	0	5	0	0	0	0	15	0	17	0	4	3	7	0	8	8	10	5	0	12	9	0	0	0	0	0	29	0	0	0	0	0	0	0	0	0	0	0	0	0	0	10	0	0	0	0	0	13	0	0	0	22	1	0	1	4	0	0	5	5	0	8	8	37	0	45	2	26	20	2	19	20	13	18	2	9	18	12	3	14	0	5	3	0	0	2	0	0	0	0	0	0	30	0	0	0	1	0	3	11	7	8	0	0	0	0	0	0	0	0	0	0	0	0	0	0	0	0	0	0	0	0	0	0	0	0	0	0	0	33	0	0	36	0	0	26	0	0	0	0	0	31	0	0	5	0	2	7	0	0	15	19	5	0	14	79	17	0	20	20	7	33	-1	25	0	0	0	0	0	0	0	0	0	12	13	3	0	3	22	38	0	2	18	0	0	19	21	4	29	2	-1	30	-1	0	0	0	0	0	-1	0	125	-23	20	-24	0	0	0	1	0	20	0	20	25	0	0	0	0	0	14	0	0	-1	0	0	-1	0	1	0	0	-2	0	29	29	30	23	-1	-1
1707271422	0	12	0	1	7	3	1	2	8	8	9	9	8	5	4	9	9	8	10	9	7	4	0	0	0	0	0	0	0	0	0	0	0	0	5	0	0	0	0	15	0	17	0	4	3	7	0	8	8	10	5	0	12	9	0	0	0	0	0	29	0	0	0	0	0	0	0	0	0	0	0	0	0	0	10	0	0	0	0	0	13	0	0	0	22	1	0	1	4	0	0	5	5	0	8	8	36	0	45	2	26	20	2	19	20	13	18	2	9	18	11	3	14	0	5	3	0	0	2	0	0	0	0	0	0	30	0	0	0	1	0	3	11	7	8	0	0	0	0	0	0	0	0	0	0	0	0	0	0	0	0	0	0	0	0	0	0	0	0	0	0	0	33	0	0	36	0	0	26	0	0	0	0	0	31	0	0	5	0	2	7	0	0	15	19	5	0	14	79	17	0	20	20	7	33	-1	24	0	0	0	0	0	0	0	0	0	12	13	3	0	3	22	38	0	2	18	0	0	19	21	4	29	2	-1	30	-1	0	0	0	0	0	-1	0	125	-23	20	-24	0	0	0	1	0	20	0	20	25	0	0	0	0	0	14	0	0	-1	1	0	-1	0	1	0	0	-2	0	29	29	30	23	-1	-1
1707271448	0	12	0	1	7	3	1	2	8	8	9	9	8	5	4	9	9	8	10	9	7	4	0	0	0	0	0	0	0	0	0	0	0	0	5	0	0	0	0	15	0	17	0	4	3	7	0	8	8	10	5	0	12	9	0	0	0	0	0	29	0	0	0	0	0	0	0	0	0	0	0	0	0	0	10	0	0	0	0	0	13	0	0	0	22	1	0	1	4	0	0	5	5	0	8	8	36	0	45	1	26	21	2	19	20	13	18	2	9	16	11	3	14	0	7	3	0	0	2	0	0	0	0	0	0	30	0	0	0	1	0	3	11	7	8	0	0	0	0	0	0	0	0	0	0	0	0	0	0	0	0	0	0	0	0	0	0	0	0	0	0	0	33	0	0	36	0	0	26	0	0	0	0	0	31	0	0	5	0	2	7	0	0	15	19	5	0	14	79	17	0	20	20	7	33	-1	24	0	0	0	0	0	0	0	0	0	12	13	3	0	3	22	38	0	2	18	0	0	19	21	4	29	2	-1	30	-1	0	0	0	0	0	-1	0	125	-23	20	-24	0	0	0	1	0	20	0	20	25	0	0	0	0	0	14	0	0	-1	1	0	-1	0	1	0	0	-2	0	29	29	30	23	-1	-1
1707271510	0	12	0	1	7	3	1	2	8	8	9	9	8	5	4	9	9	8	10	9	7	4	0	0	0	0	-2	0	0	0	0	0	0	-1	5	-1	0	0	0	15	0	17	0	4	3	7	0	8	8	10	5	0	12	9	0	1	0	0	0	29	0	-4	-1	0	-1	0	-1	0	-1	0	0	0	0	0	10	0	0	0	-1	0	13	0	0	0	22	1	0	1	4	0	0	5	5	0	8	8	36	0	45	1	26	21	2	19	20	13	18	2	9	16	11	3	14	0	7	3	0	35	42	0	0	0	0	0	0	30	0	0	0	1	0	3	11	7	8	0	0	0	0	0	0	0	0	0	0	0	0	0	0	0	0	0	0	0	0	0	0	0	0	0	0	0	33	0	0	36	0	0	26	0	0	0	0	0	31	0	0	5	0	2	7	0	0	15	19	5	0	14	79	17	0	20	20	7	33	-1	24	0	0	0	0	0	0	0	0	0	12	13	3	0	3	22	38	0	2	18	0	0	19	21	4	29	2	-1	30	-1	0	0	0	0	0	-1	0	125	-23	20	-24	0	0	0	1	0	20	0	20	25	0	0	0	0	0	15	0	1	-1	0	1	-1	0	1	0	0	-2	0	29	29	30	23	-1	-1
1707271544	0	12	0	1	7	3	1	2	8	8	9	9	8	5	4	9	9	8	10	9	7	4	0	0	0	0	-3	-1	0	0	0	-2	0	-1	5	-1	0	0	0	15	0	17	0	4	3	7	0	8	8	10	5	0	12	9	0	1	0	0	0	29	0	-4	-1	-3	-1	0	-1	0	-2	0	0	0	-1	0	10	0	0	0	-1	0	12	0	0	0	22	1	0	1	4	0	0	5	5	0	8	8	37	0	45	1	26	20	2	19	20	13	18	2	9	16	11	3	14	0	7	3	0	35	42	0	0	0	0	0	0	29	0	0	0	1	0	3	10	7	8	0	0	0	0	0	0	0	0	0	0	0	0	0	0	0	0	0	0	0	0	0	0	0	0	0	0	0	33	0	0	34	0	0	26	0	0	0	0	0	31	0	0	5	0	2	7	0	0	15	19	5	0	14	79	17	0	20	20	7	33	-1	24	0	0	0	0	0	0	0	0	0	12	13	3	0	3	22	38	0	2	18	0	0	19	21	4	29	2	-1	30	-1	0	0	0	0	0	-14	0	125	-23	20	-24	0	0	0	1	0	20	0	20	25	0	0	0	0	0	15	0	1	-1	0	1	-1	0	1	0	0	-2	0	29	29	30	23	-1	-1
1707271643	0	12	0	1	7	3	1	2	8	8	9	9	8	5	4	9	9	8	10	9	7	4	0	0	0	0	-4	-7	1	0	0	-2	-3	-1	4	-3	0	0	0	15	0	17	0	4	3	7	0	8	8	10	5	0	12	9	0	1	0	0	0	29	0	-4	-2	-3	-1	0	-1	0	-3	0	0	0	-1	0	10	0	0	0	-1	0	12	0	0	0	22	0	0	1	4	0	0	4	5	0	8	4	33	0	39	0	26	20	2	19	20	12	16	2	7	16	9	3	10	-1	5	2	0	35	42	0	0	0	0	0	0	29	0	0	0	1	0	3	10	7	8	0	0	0	0	0	0	0	0	0	0	0	0	0	0	0	0	0	0	0	0	0	0	0	0	0	0	-1	33	0	0	33	0	0	26	0	0	0	0	0	31	0	0	5	0	2	7	0	0	15	19	5	0	14	79	17	0	20	20	7	33	-1	24	0	0	0	0	0	0	0	0	0	12	13	3	0	3	22	38	0	2	18	0	0	19	21	4	29	2	-1	30	-1	0	0	0	1	-1	0	0	125	-23	20	-24	0	0	0	1	0	19	0	20	25	0	0	0	0	0	16	0	1	-1	0	1	0	0	1	0	0	-2	0	29	29	30	23	-1	-1
1707271704	0	12	0	1	7	3	1	2	8	8	9	9	8	5	4	9	9	8	10	9	7	4	0	0	0	0	0	0	1	0	0	0	0	0	3	0	0	0	0	15	0	17	0	4	3	7	0	8	8	10	5	0	12	9	0	1	0	0	0	29	0	-4	-2	-3	-1	0	-1	0	-3	0	0	0	-1	0	10	0	0	0	-1	0	12	0	0	0	22	0	0	1	4	0	0	4	5	0	8	4	33	0	39	0	22	20	2	19	20	10	16	2	7	16	9	2	9	-1	5	2	0	35	42	0	0	0	0	0	0	29	0	0	0	1	0	3	10	7	8	0	0	0	0	0	0	0	0	0	0	0	0	0	1	0	0	0	0	0	0	0	0	1	0	0	0	0	33	0	0	33	0	0	26	0	0	0	0	0	31	0	0	5	0	2	7	0	0	15	19	5	0	14	79	17	0	20	20	7	33	-1	24	0	0	0	0	0	0	0	0	0	12	13	3	0	3	22	38	0	2	18	0	0	19	21	4	29	3	-1	30	-1	0	0	0	1	0	0	0	125	-23	20	-24	0	0	0	1	0	19	0	20	25	0	0	0	0	0	16	0	1	-1	0	0	0	0	1	0	0	-2	0	29	29	30	23	-1	-1
1707271720	0	12	0	1	7	3	1	2	8	8	9	9	8	5	4	9	9	8	10	9	7	4	0	0	0	0	1	-1	-1	0	0	0	0	0	1	0	0	0	0	15	0	17	0	4	3	7	0	8	8	10	5	0	12	9	0	1	0	0	0	29	0	-4	-2	-3	-1	0	-1	0	-3	0	0	0	-1	0	10	0	0	0	-1	0	12	0	0	0	22	0	0	1	4	0	0	4	5	0	8	4	33	0	39	-1	22	17	2	18	20	10	16	2	5	15	9	2	9	-1	5	2	0	5	12	0	0	0	0	0	0	29	0	0	0	1	0	3	10	7	8	0	0	0	0	0	0	0	0	0	0	0	0	0	1	0	0	0	0	0	0	0	0	1	0	0	0	0	33	0	0	33	0	0	26	0	0	0	0	0	31	0	0	5	0	2	7	0	0	15	19	5	0	14	79	17	0	20	20	7	32	-1	24	0	0	0	0	0	0	0	0	0	12	13	3	0	3	22	38	0	2	18	0	0	19	21	4	29	3	-1	30	-1	0	0	0	1	0	0	0	125	-23	20	-24	0	0	0	1	0	19	0	20	25	0	0	0	0	0	16	1	1	-1	0	0	0	0	1	0	0	-2	0	29	29	30	23	-1	-1
1707271802	0	12	0	1	7	3	1	2	8	8	9	9	8	5	4	9	9	8	10	9	7	4	0	0	0	0	1	-1	-3	0	0	0	0	0	-1	0	0	0	0	15	0	17	0	4	3	7	0	8	8	10	5	0	12	9	0	1	0	0	0	29	0	-4	-2	-3	-1	0	-1	0	-3	0	0	0	-1	0	10	0	0	0	-1	0	12	0	0	0	22	0	0	1	4	0	0	4	5	0	8	4	33	0	39	-1	22	15	2	18	20	10	16	2	5	15	9	2	8	-1	5	1	0	5	12	0	0	0	0	0	0	29	0	0	0	1	0	3	10	7	8	0	0	0	0	0	0	0	0	0	0	0	0	0	1	0	0	0	0	0	0	0	0	1	0	0	0	0	33	0	0	33	0	0	26	0	0	0	0	0	31	0	0	5	0	2	7	0	0	15	19	5	0	14	79	17	0	20	20	7	32	-1	24	0	0	0	0	0	0	0	0	0	12	13	3	0	3	22	38	0	2	18	0	0	19	21	4	29	3	-1	30	-1	0	0	0	1	0	0	0	125	-23	20	-24	0	0	0	1	0	19	0	20	25	0	0	0	0	0	16	1	1	-1	0	0	0	0	1	0	0	-2	0	29	29	30	23	-1	-1
1707272002	0	12	0	1	7	3	1	2	8	8	9	9	8	5	4	9	9	8	10	9	7	4	0	0	0	0	1	-1	-3	0	0	0	0	0	-1	0	0	0	0	15	0	17	0	4	3	7	0	8	8	10	5	0	12	9	0	1	0	0	0	29	0	-4	-2	-3	-1	0	-1	0	-3	0	0	0	-1	0	10	0	0	0	-1	0	12	0	0	0	22	0	0	1	4	0	0	4	5	0	8	4	33	0	39	-1	22	15	2	18	20	10	16	2	5	15	9	2	8	-1	5	1	0	5	12	0	0	0	0	0	0	29	0	0	0	1	0	3	10	7	8	0	0	0	0	0	0	0	0	0	0	0	0	0	1	0	0	0	0	0	0	0	0	1	0	0	0	0	33	0	0	33	0	0	26	0	0	0	0	0	31	0	0	5	0	2	7	0	0	15	19	5	0	14	79	17	0	20	20	7	32	-1	24	0	0	0	0	0	0	0	0	0	12	13	3	0	3	22	38	0	2	18	0	0	19	21	4	29	3	-1	30	-1	0	0	0	1	0	0	0	125	-23	20	-24	0	0	0	1	0	19	0	20	25	0	0	0	0	0	16	1	1	-1	0	0	0	0	1	0	0	-2	0	29	29	30	23	-1	-1
1707272150	0	12	0	1	7	3	1	2	8	8	9	9	8	5	4	9	9	8	10	9	7	4	0	0	0	0	1	-1	-3	0	0	0	0	0	-1	0	0	0	0	15	0	17	0	4	3	7	0	8	8	10	5	0	12	9	0	1	0	0	0	29	0	-4	-2	-3	-1	0	-1	0	-3	0	0	0	-1	0	10	0	0	0	-1	0	12	0	0	0	22	0	0	1	4	0	0	4	5	0	8	4	33	0	39	-1	22	15	2	18	20	10	16	2	5	15	9	2	8	-1	5	1	0	5	12	0	0	0	0	0	0	29	0	0	0	1	0	3	10	7	8	0	0	0	0	0	0	0	0	0	0	0	0	0	1	0	0	0	0	0	0	0	0	1	0	0	0	0	33	0	0	33	0	0	26	0	0	0	0	0	31	0	0	5	0	2	7	0	0	15	19	5	0	14	79	17	0	20	20	7	32	-1	24	0	0	0	0	0	0	0	0	0	12	13	3	0	3	22	38	0	2	18	0	0	19	21	4	29	3	-1	30	-1	0	0	0	1	0	0	0	125	-23	20	-24	0	0	0	1	0	19	0	20	25	0	0	0	0	0	16	1	1	-1	0	0	0	0	1	0	0	-2	0	29	29	30	23	-1	-1
1707272237	0	12	0	1	7	3	1	2	8	8	9	9	8	5	4	9	9	8	10	9	7	4	0	0	0	0	1	-1	-3	0	0	0	0	0	-1	0	0	0	0	15	0	17	0	4	3	7	0	8	8	10	5	0	12	9	0	1	0	0	0	29	0	-4	-2	-3	-1	0	-1	0	-3	0	0	0	-1	0	10	0	0	0	-1	0	12	0	0	0	22	0	0	1	4	0	0	4	5	0	8	4	33	0	39	-1	22	15	2	18	20	10	16	2	5	15	9	2	8	-1	5	1	0	5	12	0	0	0	0	0	0	29	0	0	0	1	0	3	10	7	8	0	0	0	0	0	0	0	0	0	0	0	0	0	1	0	0	0	0	0	0	0	0	1	0	0	0	0	33	0	0	33	0	0	26	0	0	0	0	0	31	0	0	5	0	2	7	0	0	15	19	5	0	14	79	17	0	20	20	7	32	-1	24	0	0	0	0	0	0	0	0	0	12	13	3	0	3	22	38	0	2	18	0	0	19	21	4	29	3	-1	30	-1	0	0	0	1	0	0	0	125	-23	20	-24	0	0	0	1	0	19	0	20	25	0	0	0	0	0	16	1	1	-1	0	0	0	0	1	0	0	-2	0	29	29	30	23	-1	-1
1707281100	0	12	0	1	7	3	1	2	8	8	9	9	8	5	4	9	9	8	10	9	7	4	0	0	0	0	1	-1	-3	0	0	0	0	0	-1	0	0	0	0	15	-1	17	0	4	3	7	0	8	8	10	5	0	11	9	0	1	0	0	0	29	0	-3	-2	-2	-1	0	-1	0	-3	0	1	0	-1	0	10	0	0	0	-1	1	12	0	0	0	22	0	0	1	4	0	0	4	5	0	8	4	33	0	39	-1	22	15	2	18	20	10	16	2	5	15	9	2	8	-1	5	1	-1	4	12	0	0	-1	0	0	-1	29	0	0	0	1	0	3	10	7	8	0	0	0	0	0	0	0	0	0	0	0	0	0	1	0	0	0	0	0	0	0	0	1	0	0	0	0	33	0	0	33	0	0	26	0	0	0	0	0	31	0	0	5	0	2	7	0	0	14	18	5	0	14	79	17	0	20	20	7	32	-1	24	0	0	0	0	0	0	0	0	0	12	13	3	0	3	22	38	0	2	18	0	0	19	21	4	29	3	-1	30	-1	0	0	0	1	0	1	0	125	-23	20	-24	0	0	0	1	0	19	0	20	25	0	0	0	0	0	16	0	1	-1	0	0	1	-1	1	0	0	-2	0	29	29	30	23	-1	-1
1707281233	0	12	0	1	7	3	1	2	8	8	9	9	8	5	4	9	9	8	10	9	7	4	0	0	0	0	1	0	-2	0	-1	0	0	0	-1	0	0	0	0	15	-1	17	0	4	3	7	0	8	8	10	5	0	11	9	0	1	0	1	0	29	0	-3	-2	-2	-1	0	-1	0	-2	0	1	0	-1	0	10	0	0	0	-1	1	12	0	0	0	22	1	0	1	4	0	0	5	5	0	8	4	33	0	39	-1	22	15	2	18	20	10	16	2	5	15	9	2	8	-1	5	1	0	0	7	-3	-1	-3	-3	0	-5	29	0	0	0	1	0	3	10	7	8	0	0	0	0	0	0	0	0	0	0	0	0	0	1	0	0	0	0	0	0	0	0	1	0	0	0	0	33	0	0	33	0	0	25	0	0	0	0	0	31	1	0	4	0	2	7	0	1	14	18	5	-5	14	79	17	0	20	20	7	33	-1	24	0	0	20	0	0	0	0	0	0	12	13	3	0	3	22	38	0	2	18	0	0	19	21	4	29	3	-1	7	-1	0	0	0	1	0	1	0	125	-23	20	-24	0	0	0	1	-1	19	0	21	25	0	0	0	0	0	16	0	1	-1	0	0	1	-2	1	0	0	-2	0	29	29	30	23	-1	-1
1707281457	0	12	0	1	7	3	1	2	8	8	9	9	8	5	4	9	9	8	10	9	7	4	0	0	0	0	1	0	-4	0	-1	0	0	-1	-2	0	0	0	0	15	0	17	0	4	3	7	0	8	8	10	5	1	11	9	0	1	0	1	0	29	0	-3	-2	-2	-1	0	-1	0	-2	0	1	0	-1	0	10	0	0	0	-1	1	12	0	0	0	22	1	0	1	4	0	0	5	5	0	8	4	33	0	39	-1	22	15	2	18	20	10	16	2	5	15	9	2	8	-1	5	1	0	0	7	-3	-1	-3	-3	0	-5	29	0	0	0	1	0	3	10	7	8	0	0	0	0	0	0	0	0	0	0	0	-1	0	1	-1	0	0	0	0	0	0	0	1	0	0	0	0	33	0	0	33	0	0	25	0	0	0	0	0	31	1	0	4	0	2	7	0	1	14	18	5	-5	11	79	17	0	20	20	7	32	-1	24	0	1	0	0	0	0	1	0	0	12	13	2	0	2	23	38	0	2	18	1	0	19	21	4	29	3	0	7	-1	1	0	0	-1	0	1	0	125	-23	20	-25	0	0	0	1	-1	19	0	21	25	0	0	0	0	0	16	0	0	-1	0	0	1	-2	0	0	0	-2	0	29	29	30	23	-1	-1
1707281621	0	12	0	1	7	3	1	2	8	8	9	9	8	5	4	9	9	8	10	9	7	4	0	0	0	0	1	0	0	0	0	0	0	0	0	0	0	0	0	15	0	15	0	4	3	7	0	8	8	10	5	1	9	9	0	1	0	1	0	29	0	-3	-2	-2	-1	0	-1	0	-2	0	1	0	-1	0	10	0	0	0	-1	1	12	0	0	-1	22	1	0	0	4	0	0	4	5	0	8	4	33	0	39	-1	22	15	2	18	20	10	16	2	5	15	9	2	8	-1	5	1	-1	0	7	-3	-1	-4	-3	0	-5	29	0	0	0	1	0	3	10	7	8	0	0	0	0	0	0	0	0	0	0	0	0	-1	1	0	1	0	-1	0	0	0	0	1	0	0	0	0	33	0	0	33	0	0	25	0	0	0	0	0	31	1	0	4	0	2	7	0	1	14	18	5	-5	11	79	17	0	20	20	7	33	-1	24	0	1	0	0	-2	0	0	0	0	12	13	2	0	2	24	38	0	2	19	1	0	19	21	4	29	3	0	5	-8	-3	-1	-1	0	0	1	0	125	-23	20	-25	0	0	0	1	-1	19	0	21	25	0	1	0	0	0	16	0	0	-1	0	0	1	-2	0	0	0	-2	0	29	29	30	23	-1	-1
1707281911	0	12	0	1	7	3	1	2	8	8	9	9	8	5	4	9	9	8	10	9	7	4	0	0	0	0	1	0	0	0	0	0	0	0	0	0	0	0	0	14	0	11	0	4	3	6	0	7	7	10	5	1	7	9	0	1	0	1	0	29	0	-3	-2	-2	-1	0	-1	0	-2	0	1	0	-1	0	10	0	0	0	-1	1	12	0	0	-1	22	1	0	0	4	0	0	4	5	0	8	4	33	0	39	-1	22	15	2	18	20	10	16	2	5	15	9	2	8	-1	5	1	-1	0	7	-3	-1	-4	-3	0	-5	29	0	0	0	1	0	3	10	7	8	0	0	0	0	0	0	0	0	0	0	0	0	-2	1	0	1	0	-1	0	-1	0	0	1	0	0	0	0	33	0	0	33	0	0	25	0	0	0	0	0	31	1	0	4	0	2	7	0	1	14	18	5	-5	11	77	17	0	20	20	7	33	-1	24	0	1	0	0	-2	0	0	0	0	12	13	2	0	2	24	38	0	2	19	0	0	20	21	4	29	4	0	5	-8	-3	-1	-1	0	0	0	0	125	-23	20	-25	0	0	0	1	0	19	0	22	25	0	1	0	0	0	16	0	0	-1	0	0	1	-2	0	0	0	-2	0	29	29	30	23	-1	-1
